longitude,latitude,GIS_ACRES,YEAR_,FIRE_NAME,weight_hist,weight_recent
-118.5742117113887,34.07264560529137,23448.88,2025,PALISADES,10.062620656590543,10.062620656590543
-118.09261031530156,34.200787185240486,14056.26,2025,EATON,9.550894267283644,9.550894267283644
-118.58451526028216,34.54216802269026,10396.8,2025,HUGHES,9.24934952429051,9.24934952429051
-118.68430673592246,34.17513307734228,998.7378,2025,KENNETH,6.907493044601707,6.907493044601707
-118.47982762663078,34.33274904916097,831.3855,2025,HURST,6.724295674857907,6.724295674857907
-118.24682919466399,34.43483759010238,347.7042,2025,LIDIA,5.854223998346665,5.854223998346665
-118.53256467256135,35.503529474178414,59288.54,2024,BOREL,10.990188178196025,9.944333494888216
-117.70936822446654,34.30518271454497,55724.17,2024,BRIDGE,10.928187208944795,9.888232697955207
-117.06526176063937,34.15930736635214,43975.61,2024,LINE,10.691413180646766,9.673990697532044
-120.02974302590502,34.75901270653388,38610.38,2024,LAKE,10.561302330655293,9.556261531967296
-117.49319544351582,33.6621444546905,23526.35,2024,AIRPORT,10.065918853194608,9.108020025284096
-119.0210055835484,34.31626114773096,19902.06,2024,MOUNTAIN,9.898628767735588,8.95664969629434
-118.83416048748252,34.72642867159727,15563.13,2024,POST,9.652724186678146,8.73414603008711
-119.65929300990675,35.1988563801779,13279.43,2024,HURRICANE,9.494046802024291,8.590568795056218
-118.74807513081839,35.09608921585496,9637.177,2024,RANCHO,9.173487261837623,8.30051452838692
-118.53521829350554,34.97085681069985,5562.288,2024,WHITE,8.6239445793626,7.803267746475664
-116.72580277412608,33.45694676875017,5221.287,2024,NIXON,8.560690707534363,7.7460332764098245
-118.6975116587307,34.05180990176493,4123.706,2024,FRANKLIN,8.324750023501487,7.532545317059879
-117.59256226700288,34.2845519922485,2935.85,2024,VISTA,7.9850928573713915,7.225210803841312
-117.47940448723688,33.81431545812358,1710.17,2024,EAGLE,7.444932626057714,6.736453614813738
-116.20889146808553,32.66776543797422,1596.656,2024,MCCAIN 4,7.376292834066146,6.674345762653562
-118.24064687486452,34.917933662284774,1575.731,2024,WEST,7.363108995368098,6.662416532086217
-119.39735109714651,34.7579960028255,1496.342,2024,APACHE,7.311446815241149,6.615670658410041
-119.32016137482351,35.031585689518245,1478.558,2024,SCHOOL,7.2994986735051235,6.604859532691288
-119.93003893530972,35.28680852492007,1403.642,2024,BEAR,7.24753774502926,6.557843340330436
-119.5746461340993,34.875894577219775,1383.055,2024,HILL,7.2327728752724,6.544483533702001
-117.27789306946474,34.33203263868917,1130.459,2024,HESPERIA,7.031263229330917,6.36215006595897
-119.49609169222468,35.09812006470346,1074.765,2024,ROAD,6.980787315381663,6.3164775703081215
-118.13342062914788,35.455830621969575,954.2029,2024,DOVE,6.861923778647129,6.208925394630623
-117.06297458020411,33.93074349561443,889.624,2024,LISA,6.791922340649368,6.145585474213925
-116.73524431385987,33.4044185681938,863.4775,2024,GROVE 2,6.762125278179673,6.11862397714379
-117.36892903427591,33.40631619806951,856.1542,2024,ROBLAR,6.753617832400653,6.11092612187102
-118.8214434095044,35.45070426263995,616.9343,2024,RANCH,6.426382141126698,5.814831023889483
-119.47126116059124,35.31778195703792,526.3655,2024,SKY,6.267893856534919,5.671424893670509
-116.93640516038676,33.81801134799471,517.0266,2024,RECORD,6.250026592292399,5.655257924425941
-117.15941829572185,34.720234703238205,472.7928,2024,STODDARD 3,6.160770095323868,5.574495306166001
-118.25550188158398,34.8527264845334,428.4925,2024,HOLIDAY,6.062604279106536,5.4856712024805185
-118.41693928690259,35.34297380117078,427.2897,2024,BLUE,6.059799835768064,5.483133637211107
-117.04523609900833,34.46994446287529,419.8341,2024,LUCERNE,6.042238694261924,5.467243659272927
-116.40635564183245,32.71666064494312,411.3604,2024,POSTA 3,6.021897724253904,5.448838388490523
-116.78765745570344,32.56516351409734,403.2409,2024,BORDER 53,6.002010987381333,5.430844124845586
-118.76458571199174,34.46820821416478,393.3771,2024,FELICIA,5.977307558162441,5.4084915377345295
-118.29759004227054,34.83482918087078,392.9767,2024,GASKELL 2,5.9762917704934315,5.4075724150428295
-118.69007109856146,35.49746424516797,370.8842,2024,COW,5.9185825154896765,5.355354921748453
-119.33527538602262,35.346518214394024,356.6399,2024,I5,5.879526614256297,5.320015680917375
-117.08918826265108,33.92468115432182,343.6256,2024,ROUND,5.842458610365297,5.286475163984895
-120.095297693548,35.359636425314704,331.2043,2024,BITTERWATER,5.8057501411050545,5.253259967439405
-118.34325936840693,35.0221386002455,329.2224,2024,TURBINE ,5.799766366859293,5.24784562460076
-117.16739574952798,34.412129464351885,317.0617,2024,POLE,5.762245389116963,5.213895239978205
-117.754259271425,34.24167645276551,298.1226,2024,FORK,5.700853522794762,5.158345582166816
-116.67580464285335,32.57437634788954,296.4171,2024,BORDER 66,5.695135530691853,5.15317172895607
-118.27459300693266,34.95281980464903,289.8958,2024,WILLOW,5.6729651274457416,5.133111118526043
-118.76985561814462,35.394057334874766,276.5219,2024,BRECKENRIDGE ,5.625899848991474,5.09052469349034
-117.29706221538231,33.76567284704427,264.2433,2024,POST,5.580647517985629,5.049578691142903
-117.04040032041343,33.921893198356365,261.3878,2024,JACK,5.56982356208662,5.039784770834308
-116.84918349628114,32.55356816616899,259.9372,2024,BORDER 59,5.564279765343915,5.034768536103523
-119.39784467040688,35.1600271048232,254.9848,2024,GARDNER,5.545118067716797,5.017430315097416
-117.48369693739144,34.02659850345691,254.0351,2024,CANYON CREST,5.541401182744763,5.014067138496183
-115.81779628535736,33.50359843462739,239.119,2024,PALMAS,5.481134633790596,4.959535709946557
-119.24043082876689,35.2732300859785,217.4707,2024,PILOT,5.386651909434118,4.874044205590838
-114.26417146606515,34.174985439242256,215.105,2024,BLUE WATER,5.375764400681546,4.864192780282317
-116.45392479807028,32.99779593611154,186.7424,2024,GREAT 3,5.23507081046408,4.736887955375736
-119.3313489709854,35.12809469355825,179.6678,2024,LAKE 2,5.196659985814591,4.702132403975261
-119.53290220070402,35.0073856401717,161.0311,2024,SODA,5.087788292116125,4.603621221751939
-117.57328185781385,35.38017612669396,141.743,2024,RED,4.961045810556194,4.48893988198178
-119.04774645675492,35.45133198615756,141.146,2024,JAMES 2,4.956854698411608,4.485147606890175
-116.89153102036911,32.588872587087664,136.5067,2024,BORDER 58,4.923672643192218,4.455123241720335
-117.38406842285717,33.65330973478911,134.3121,2024,MACY,4.907583962072347,4.440565601036226
-118.73934436564083,34.29903190324539,132.8858,2024,SHARP,4.8969871977829875,4.430977252197107
-118.10988556523073,34.97116558707372,131.9613,2024,10TH,4.890058108435994,4.424707552883033
-116.57256005371491,33.84380952535457,126.07,2024,TUSCANY,4.844738115716443,4.383700327685266
-118.86967543897075,35.38237314287976,124.1726,2024,DAYTONA 2,4.829693584874621,4.37008747324279
-120.49230224708398,34.6910574204571,123.438,2024,SANTA LUCIA,4.823807599897709,4.364761613793681
-118.99450390942417,34.96526675595875,119.0229,2024,WIND,4.787682557909015,4.332074324074192
-119.57244434182282,35.16743550812322,116.1366,2024,MOCAL,4.763340775142227,4.310048968205099
-118.75624097541804,34.6145500976658,109.0292,2024,FRENCHMAN,4.700745785111047,4.253410679043299
-117.013670148763,33.48452601162309,101.4715,2024,PAUBA,4.629584711135246,4.1890214766023695
-117.40489282344902,33.58842040322016,99.1321,2024,TENAJA,4.606490314235231,4.168124802140262
-118.932813803662,35.49458479914247,93.49149,2024,ROUND,4.548509777534638,4.115661843015758
-116.407159886143,32.59263473889681,78.61796,2024,BORDER 74,4.37723969554084,3.9606902642376833
-119.24759488356332,35.291928963181874,78.08947,2024,PANAMA,4.370579743282422,3.954664090231933
-118.75098893837254,35.46677922821194,76.63322,2024,POWER,4.351995428367105,3.937848306707991
-119.05547789676007,35.49582212812954,73.68279,2024,OIL,4.313249677375784,3.9027897014211397
-120.06126550851039,34.50458519558395,72.71605,2024,REFUGIO,4.30022055024836,3.8910004596718992
-117.1059947393164,33.75646158793926,70.24644,2024,HILLS,4.266144852988192,3.8601674937452337
-116.9041321037555,32.59052345147522,68.85107,2024,BORDER 77,4.246365404125371,3.842270308306025
-117.55788731702765,34.40048588442035,67.26244,2024,JOHNSON,4.223359688517989,3.821453875995771
-116.7600702659036,33.917871071656194,64.26192,2024,CARMEN,4.178408711510817,3.7807805500224076
-120.25871470412694,34.62258612003772,64.12293,2024,RIVERVIEW,4.176276714539585,3.778851439387698
-119.21190641844002,35.46843497846805,62.28129,2024,BURBANK,4.147589708839479,3.752894363218831
-118.36130821801315,35.026942561951856,59.79034,2024,CAL,4.107430894770159,3.7165571655849616
-118.90267603847354,35.39507218733549,58.64127,2024,MORNING 3,4.088347784103081,3.699290053000868
-119.32633489104332,35.11026136974611,56.98214,2024,PANEL,4.06013503209144,3.6737620993149664
-118.81082687983503,35.3624039229401,56.73235,2024,CHASE,4.05581767498261,3.669855593055873
-117.13842194505634,34.09178694296979,56.56629,2024,ABBEY,4.052937153324726,3.6672491892763572
-118.90019210470979,35.388030889247936,56.402,2024,MORNING 2,4.0500791459240855,3.6646631572392336
-118.97826661901325,35.24839055890773,55.6607,2024,DI GIORGIO,4.037080848720691,3.65290181155885
-118.65083777999365,35.273678593968505,53.36197,2024,CALIENTE,3.9956648285085605,3.615427046764781
-119.49925834403491,35.34186496707092,52.62851,2024,GROVE,3.98208082965158,3.6031357363124275
-117.17748002448536,33.33423077617121,50.05513,2024,GARDEN,3.932906029277886,3.55864053690986
-118.62312481786799,35.268408947492475,47.84439,2024,TRAIN,3.888639530542944,3.5185865524890434
-118.39041135330376,35.33914118012708,47.46571,2024,CREEK,3.880856537584505,3.5115442092359372
-120.35944047758493,34.59263061516209,46.51128,2024,ROSA,3.8609671565323938,3.4935475530384115
-118.85042908486895,34.97568911792649,45.57498,2024,LAVAL 2,3.841063487072638,3.4755379681550047
-114.50863703932153,33.96793448806278,44.96106,2024,HIDDEN VALLEY,3.8277945162481033,3.4635317068541385
-118.8903581074773,35.37048403106048,43.32871,2024,VINELAND,3.791632548401225,3.4308110052364698
-116.47654343350818,32.716547520484305,42.96142,2024,KITCHEN,3.783312431106531,3.4232826517857826
-119.20143174105965,35.25391552653721,42.81101,2024,HIGHWAY,3.7798851556573037,3.4201815247174054
-118.7695624638805,35.23243439777351,42.58892,2024,ROCK PILE,3.774802989618518,3.4155829907208406
-120.24445802357302,34.88242653207924,41.68362,2024,OAK,3.7538152400813845,3.3965924896192754
-119.48081540303623,35.10378816614594,40.76807,2024,HILL,3.7321321720309992,3.376972838309467
-117.12031579328101,34.68933714748989,39.97076,2024,SORREL,3.71285864154538,3.359533426748422
-119.01669873643064,35.268701679497184,39.78333,2024,GREENFIELD,3.7082734194878335,3.35538454626075
-119.45775218257238,34.93980558933397,38.00743,2024,TRAVEL,3.6637521408048963,3.3151000274096214
-117.47442148589732,33.965093485391904,38.00608,2024,CLAY,3.663717531414801,3.3150687115384483
-118.22663792486195,34.953313955918695,37.60654,2024,BACKUS,3.6534216921709484,3.305752650940527
-119.70632183410649,34.95450614188213,36.68454,2024,WEST,3.629249930772745,3.283881136767595
-117.80325066729951,34.420768712757095,35.31696,2024,SUNRISE 2,3.5922848497894866,3.2504337483332137
-118.91124817937123,35.403272137701514,33.7582,2024,MORNING,3.548415515396993,3.2107391330705535
-116.8929156600192,33.88724719717259,33.50643,2024,SHIRLEON,3.5411456834829083,3.204161117131858
-116.36575989288102,32.684992499860755,33.47947,2024,CHURCH 2,3.5403640744476554,3.203453888030486
-118.18572326892479,34.89302471853939,33.07992,2024,SNAKE 2,3.5287083545405196,3.192907356524363
-116.10158277847427,32.65193253971487,32.37347,2024,INKOPAH 5,3.5077612729729757,3.173953653323398
-118.22629549980181,34.961636106250445,31.22492,2024,EDMONDS,3.472740066277561,3.1422651550806155
-116.70739822648743,33.56795975300533,30.44253,2024,RRU/HOWARD,3.448161435061323,3.1200254898720567
-119.64341833939275,35.457602828524635,30.18414,2024,ALMOND,3.4399096322369127,3.1125589499102753
-119.68488384628044,35.40160640353253,29.02665,2024,LOST,3.4020853206609494,3.078334097484893
-118.58454985781732,34.514917531328045,28.54437,2024,LAGO,3.3858932011653153,3.0636828618879335
-119.9498063551992,35.278169456602,28.25279,2024,BRENTWOOD,3.375974953744427,3.054708460500175
-119.02272199078466,35.28632445497772,27.84261,2024,BERKSHIRE,3.361853807628452,3.041931119108888
-116.92291066498231,32.676852694383655,27.25527,2024,PROCTOR 8,3.3412799888669764,3.0233151580616147
-119.17986379662572,34.99402699031816,27.20513,2024,GOLD,3.3395038762931772,3.0217080649461967
-115.20566197656092,35.30352979145061,93077.87,2023,YORK,11.441202477247995,9.367264320314922
-117.02138801800083,33.89148186054677,8354.776,2023,RABBIT,9.03070831523241,7.3937186197578235
-119.78782892545631,34.932507364923296,5761.521,2023,PLANT,8.65913033154989,7.0894962973502365
-119.07602898041894,34.30371035007494,2715.4,2023,SOUTH,7.907062753239637,6.473755442594748
-116.85590927294649,33.45454686608091,2487.0,2023,HIGHLAND,7.81923445385907,6.401847712901338
-116.68326410867486,33.46744884060768,2323.106,2023,BONNY,7.751090727947142,6.346056348867926
-118.87455556464985,35.492502309540704,1291.166,2023,EAST,7.164075159061453,5.865448650085646
-118.89999744408524,34.89014921567002,1043.665,2023,DISTRICT,6.951451538841351,5.691367153380675
-116.04537023230345,33.90554424603339,1033.308,2023,GEOLOGY,6.941487883053642,5.683209601974195
-120.07673052091509,35.4632661548563,695.1143,2023,BITTER,6.545513870989043,5.359013500877236
-117.13214541452123,33.87789601284749,531.0221,2023,ROCK,6.27668502983221,5.13891506130782
-116.63577112039134,32.64068213382669,466.5,2023,COYOTE,6.147399348728742,5.033064898255778
-117.2144817552137,33.974198359487545,435.684,2023,RECHE,6.079209821395764,4.977236035190417
-118.31882872741821,34.435396812281056,426.2046,2023,AGUA,6.057263055378275,4.9592675429212925
-117.04524065866677,33.81029492313299,337.9316,2023,RAMONA,5.825798317110658,4.769760243448449
-117.34920030924344,33.807688177331386,334.5828,2023,GAVILAN,5.81586872178978,4.761630578393626
-120.19704016365537,35.21934827332707,259.8927,2023,AVENALES,5.564109211682242,4.555507325088738
-119.50162074455048,35.01466929860619,228.4782,2023,GRADE,5.435808035882095,4.450463206805093
-117.57074871645456,34.28878295011914,226.9751,2023,NOB,5.429236412464221,4.4450828166152325
-120.3285460057274,34.55960397642481,211.192,2023,SUN,5.357491525186457,4.386343071024814
-116.85513992845706,32.99254377919997,183.9228,2023,BUNNIE,5.2199384406882805,4.273724130565422
-116.10106391518752,33.573550726076945,127.0,2023,66,4.852030263919617,3.972506391936067
-119.86512201411598,35.29540875101117,121.1558,2023,ARROW,4.805297279179843,3.93424466014649
-120.34286425941033,35.45569164770223,114.7964,2023,SHELL,4.751833476572749,3.890472200775571
-118.47165414780001,34.943864501689696,107.8487,2023,CHAMPAGNE,4.6899588445683555,3.839813536718191
-116.9422112605391,33.90266522187033,104.0207,2023,HIGHLAND,4.654157473584567,3.8105018532914094
-120.01508525237868,35.088083533628925,96.37685,2023,RINCONADA,4.578588502726742,3.7486312128716546
-120.1858846735215,34.558460912734645,95.66613,2023,GRADE,4.5712630825728615,3.7426336661124555
-116.56481407150508,33.85835636273615,90.48016,2023,TRAM,4.516122118169229,3.6974880628008235
-118.29766736552648,35.09408033361574,89.46474,2023,BOULEVARD,4.504960161527246,3.688349425633509
-119.7414202176182,35.48836043619738,86.2767,2023,LINE,4.469083531460803,3.6589761252813098
-119.34395930377043,35.02649882269287,83.47556,2023,PENTLAND,4.436462261758612,3.6322680885716747
-117.06390923075001,34.738957396605024,81.68464,2023,STODDARD,4.4150338532195486,3.614723991511225
-118.99441383134487,34.8514377484717,76.19935,2023,TECUYA,4.346391037306166,3.558524007145068
-119.9268507578251,35.32667255000971,70.79186,2023,BOULDER,4.273771099153723,3.499067830493042
-119.58331405553932,35.15043485242778,63.70088,2023,MIDWAY,4.169774802650835,3.413922864339911
-114.69468344455397,32.74912901635442,62.32319,2023,Winterhaven Drive,4.148251612770994,3.3963011668809484
-116.83320736457293,32.55810994790697,61.07,2023,BORDER 14,4.128262780425561,3.3799356951216226
-118.6248461833717,35.25908808130116,60.6251,2023,BEALE,4.121069255079591,3.374046134697831
-118.51106401131996,34.35148471925483,57.49,2023,VICTOR,4.068855799454934,3.3312973728534523
-118.61399317958039,35.268639307887675,55.02539,2023,CALIENTE ,4.025804980840808,3.2960503437088846
-118.66847454896772,35.29171352373762,52.75753,2023,BODFISH,3.9844837502189168,3.262219381443715
-118.60108051265242,35.13921949401222,52.54716,2023,TROTTER,3.980562760940224,3.25900914693876
-120.06545091647664,35.09982448390577,48.99358,2023,GIFFORD,3.9118945971841605,3.2027884095142762
-116.89481152671773,32.73144825348209,39.37137,2023,SAGE,3.69812087038019,3.0277652851797745
-116.76638193164919,32.583118524189516,38.60516,2023,BORDER 42,3.6789594128020355,3.01207721058674
-116.35426418301225,32.739253780427084,37.4,2023,BLACKWOOD,3.648057459593681,2.9867768311648835
-116.06072012930977,33.4610415240612,37.28043,2023,JOHNSON,3.6449387995415172,2.9842234882717813
-118.87298211257097,34.84104780845893,34.74714,2023,HABERKERN,3.576470265939846,2.92816619419394
-115.59994048018875,35.329690804531715,28.64047,2023,VALLEY,3.3891406572522333,2.774793682599327
-118.73999705302217,34.63761479615707,25.90652,2023,VISTA,3.292368636420861,2.6955634531071797
-119.98410465334564,35.29496363826463,25.73028,2023,DIABLO,3.28579700521755,2.690183056543142
-116.85628842903884,33.67048828568199,28097.87,2022,FAIRVIEW,10.24348464099012,7.588560065318807
-114.46564542422689,34.01826380561006,5856.573,2022,LOST LAKE,8.675490632959008,6.426961534249602
-118.64398456098928,34.54539337500113,5227.923,2022,ROUTE,8.561960608510766,6.342856423543904
-116.66501245980736,32.60893455340406,4456.34,2022,BORDER 32,8.40230745453334,6.224582458088123
-118.89665716681093,34.9242363461005,2465.185,2022,THUNDER,7.81042770118616,5.786107152355931
-116.88366622261861,34.21283982340328,1079.279,2022,RADFORD ,6.984974620089289,5.174596469561505
-117.61163210635019,34.36673149951584,865.1371,2022,SHEEP,6.764043210119842,5.010926455535237
-118.8465105536254,34.92458156950665,682.0379,2022,EDMONSTON,6.526550348514412,4.834987416376093
-116.70419735649193,32.58022679324176,568.2128,2022,BORDER 13,6.3442543536648905,4.699939221834266
-117.51465658974092,33.70378013850028,552.538,2022,JIM,6.316330403811985,4.679252650989832
-118.92675440013004,34.9012871325363,484.856,2022,PLANT,6.1859122836997775,4.582636531303651
-116.43115682667641,34.07806062275043,414.1108,2022,ELK TRAIL,6.028545472547565,4.466056330271513
-120.42391869338533,35.14199357522902,386.9821,2022,CAMINO,5.960959204538448,4.415987191462482
-118.64696625722195,35.28442208503502,216.2137,2022,RAIL,5.38088166157705,3.9862551782283955
-117.73469246318632,33.52195814197312,202.0908,2022,COASTAL,5.313653169677543,3.9364510864802873
-116.51191221853665,32.866867801307386,188.4808,2022,VALLEY,5.244287700128124,3.8850638827519353
-116.75630826286495,33.08143832001656,178.2691,2022,CASNER,5.188888028893794,3.844022796881767
-117.80568247042653,33.561467743667,154.6207,2022,EMERALD,5.047421636315153,3.739221915645397
-117.77138100035438,34.23467063987647,147.6624,2022,EAST,5.001677963388545,3.7053341692604604
-118.74168349709358,34.76591460245652,125.3294,2022,SAM,4.838892781364982,3.5847399403604148
-120.28100676073454,34.489200894958636,123.7686,2022,HOLLISTER,4.826460821713989,3.5755301181321797
-117.88374644535452,34.18545908024311,113.4179,2022,GULCH,4.739857535237242,3.5113728255392864
-116.89944527829373,32.60553405496976,98.14726,2022,BORDER 27,4.596606219687333,3.4052496408432873
-117.32730398831656,34.310728048117305,96.88597,2022,HESPERIA,4.583803229767188,3.39576495263124
-118.72008107570619,35.19576768654823,93.07888,2022,RANGE,4.54413357931755,3.3663769527700733
-117.4445948133502,34.25467133144825,89.57446,2022,BRONCO,4.506172274853349,3.3382545267421473
-119.13271331066018,34.558711886027844,74.61489,2022,HOWARD 2,4.3256532214638295,3.204522722810975
-119.29639164725573,34.93864045788293,62.03226,2022,RANCH,4.143646658823825,3.0696889449236116
-118.6029580294561,34.485407554818615,60.45229,2022,QUAIL,4.118261101387657,3.050882861432736
-120.3946104654264,34.99880335064334,56.78185,2022,WINEMAN,4.056674712524831,3.005258542417165
-120.3649599405037,34.993399148650866,50.92991,2022,BULL,3.949894924752473,2.926154130034875
-118.80196708577236,35.14235558583917,50.66179,2022,COMANCHE,3.9447184366996204,2.9223192933661806
-116.72407175582896,32.59513551793306,49.2244,2022,BARRETT 4,3.9165009643877298,2.90141527573595
-118.36702126837766,34.57384508484706,48.40139,2022,BOUQUET,3.899978561449842,2.8891751785901176
-116.8131839671262,33.06682218141733,47.70462,2022,CAESAR,3.8857738921187734,2.8786521007309034
-119.4590239362107,35.055550742525696,31.69387,2022,KERTO,3.487187598556353,2.58337211194587
-120.27968054476467,35.37881309642455,31.54411,2022,NAVAJO,3.4825963998997684,2.5799708683263027
-117.24528466827124,33.434338844180516,29.23103,2022,SANDIA,3.40886888032472,2.5253521784594386
-116.25336161749067,32.60931129032152,29.14392,2022,JEWEL,3.4059832444626177,2.5232144468345408
-116.88681499817818,32.56658488480057,28.94558,2022,BORDER 15,3.3993817343717305,2.5183239278751977
-117.34202341713316,34.309153929848236,28.10259,2022,HIGHWAY,3.370827173653302,2.4971701890114235
-117.14120848460708,34.17451582893947,26.86633,2022,MANZANITA,3.3274191500098533,2.4650127341725736
-116.84176738553157,32.79707286599254,26.85744,2022,HARBISON 2,3.327100076118212,2.464776358419902
-116.77438587839727,34.28841422863802,26.48567,2022,CACTUS ,3.3136647779483837,2.4548232447354015
-116.53652585078105,32.66221607041434,25.70823,2022,HAUSER,3.284971757610482,2.4335669324626927
-118.91039137400392,35.19678807034631,25.54512,2022,SYCAMORE,3.27884592665077,2.4290288052709217
-120.46776045036862,35.02432659881348,25.53244,2022,TEFT,3.2783681352737277,2.4286748487131242
-116.74876646875691,32.565681243135245,25.22921,2022,BORDER 16,3.2668736752399368,2.4201595432831944
-114.57541369837087,32.81553862497734,25.00471,2022,ALL AMERICAN,3.258277675461259,2.413791470022174
-120.1040902220601,34.494190385389736,16953.24,2021,ALISAL,9.738273229019555,6.527759759184022
-116.46619961504115,32.981626583228795,5365.902,2021,SOUTHERN,8.588006112274698,5.756712652534327
-115.75815972991485,35.36289486571405,2490.498,2021,MOJAVE,7.820639414991858,5.242331372685477
-118.40574105935819,35.42097679958172,2096.645,2021,PEAK,7.648570565868566,5.126990173819853
-118.90878417254133,34.901465101375656,1828.035,2021,SHELL,7.511543784347739,5.035138375322697
-117.38337794879558,33.491650169869665,1427.293,2021,CHAPARRAL,7.264235303925396,4.869362543340988
-118.5693416215255,34.096601640660495,1202.648,2021,PALISADES,7.093112224319613,4.754655312741879
-117.35371908786068,33.32289411558465,968.2691,2021,SIERRA,6.876542282315094,4.609484139247474
-118.82345801778553,34.765748245099054,856.8701,2021,TUMBLEWEED,6.754452689424639,4.527645037720672
-117.44792756545921,34.194951717715895,810.9695,2021,SOUTH,6.699462777879869,4.490784197682486
-116.69785355452963,33.70601977531251,681.1813,2021,BONITA,6.5252954582925184,4.3740363519987895
-119.14891425040896,34.99691696218779,674.1259,2021,WOLF,6.514899191998632,4.367067526298072
-116.37523392383265,32.86762997665702,559.1455,2021,OVERLAND,6.328196571410024,4.241917017070143
-118.57950675083437,34.46947410117206,552.1964,2021,NORTH,6.315713092177238,4.233549090696136
-115.15978397557095,35.2588137061003,490.7352,2021,POND,6.197940360222459,4.154603667590465
-118.70322662950895,34.57754368017299,455.3456,2021,ROUTE,6.1232504171940425,4.104537501541258
-117.66703422150275,34.43146046203949,441.2523,2021,PINE,6.09188053370472,4.083509639796563
-116.66813581240666,33.14747421907382,428.2403,2021,YSABEL 2,6.062016901968383,4.06349144879627
-118.88797569271398,34.7889395922026,365.7711,2021,HUNGRY,5.904737947747172,3.9580642129622707
-116.44069676442338,33.58481984898525,342.571,2021,FLATS,5.839393786082523,3.914262711507063
-116.66205416436377,33.48389420907481,318.4139,2021,ROCK,5.766487753932293,3.8653923366798453
-117.10495952833465,33.34557546178174,277.8741,2021,MESA 3,5.630760425495136,3.7744115876335553
-117.41980150680452,34.388389650666355,248.6175,2021,FARMINGTON,5.519929746217016,3.7001195615976847
-118.75970599700804,34.67485318604182,221.0323,2021,EMIGRANT,5.402822866784332,3.621620472785278
-115.22937567180159,32.71699349969997,216.6215,2021,DESERT,5.3827573152479395,3.6081701313556733
-118.78342076181939,35.4452397920739,216.5297,2021,CANYON,5.382335392930539,3.6078873083684497
-119.34511948026577,34.43173693460203,188.1755,2021,CASITAS,5.2426751556324644,3.514270251673456
-118.5807046462744,34.348200557999334,183.8866,2021,TOWSLEY,5.219742664160612,3.498898142934332
-115.69512020359855,33.415452095059074,122.8651,2021,MINERAL,4.819193070182975,3.2304017206596862
-115.69357324705231,32.69540308751873,106.2004,2021,YUHA,4.674699979973024,3.1335451057783197
-116.87438659017344,33.90827366361709,88.36302,2021,WESTWARD,4.492706950071704,3.0115515295967015
-118.09340846381092,35.311314715041426,83.93266,2021,POLELINE,4.441858707211974,2.9774669331021357
-116.65196647919925,32.842541467452875,83.56132,2021,ROAD,4.437476951657741,2.9745297545173055
-116.38227382561443,33.586875946824236,80.03923,2021,SCENIC,4.394933358414538,2.9460119311360002
-120.08972275470306,34.66814734503039,69.51533,2021,CABALLO,4.255830132988603,2.852768250664781
-117.4672241635686,34.25673110443341,66.24019,2021,ROADSIDE,4.208271134235411,2.820888500431133
-117.7802729133746,34.38438162023592,62.07942,2021,SPRINGS,4.144394567379136,2.7780707571954357
-117.47442927899411,34.335441197952115,61.72803,2021,RAILROAD,4.138808397183831,2.774326235332956
-118.32624523518396,34.66584132380669,61.52447,2021,LIMA,4.1355580001184,2.7721474290224224
-117.11175907394296,33.379960094576916,54.22581,2021,ARUBA,4.011430416468875,2.6889422214361804
-116.91879886276219,33.09070990318995,53.04443,2021,CLEVENGER,3.9898064860459654,2.674447267399624
-117.69393356418752,34.217707423582475,49.89998,2021,ANTONIO,3.9298625306290913,2.6342656324450267
-115.1897146892017,34.56147869837374,47.4764,2021,OLD WOMAN,3.8810770815780975,2.601563767991295
-118.85575457530328,34.83291328185706,46.83553,2021,CRANE,3.867768668822069,2.5926428721400128
-116.89149851174379,33.886889271920865,42.75489,2021,COYOTE,3.7786033779862342,2.5328735902821546
-115.2891109442618,32.83969155114314,40.42638,2021,HIGHLINE,3.7239178759744105,2.496216802056107
-117.09828592681217,34.59712288183983,38.58012,2021,FLATS,3.6783269720040837,2.465656305207911
-116.76593739154971,32.60612744669435,37.3201,2021,MARRON 4,3.645974562702595,2.4439698367155733
-120.13664604252274,34.66598413572297,37.1573,2021,BALLARD,3.6417170893598714,2.4411159669884834
-120.35387280816822,34.54903472676362,37.05353,2021,ONE,3.6389938526721197,2.439290526846584
-116.514944792775,33.06567404513144,32.81554,2021,QUEEN,3.5209204601438144,2.360143564931426
-116.75687325783083,33.542207216084236,31.87381,2021,CREEK,3.4926762921241443,2.3412109329242425
-119.22100226449855,34.23411194864735,31.69551,2021,VICTORIA,3.4872377596069803,2.337565375556971
-118.40203664533037,35.01224225098738,29.9392,2021,OAK,3.4320239883141905,2.3005544778421867
-116.79073778975814,32.5699368442616,28.44671,2021,MARRON 6,3.382582189086238,2.2674126487076207
-118.8379329664661,34.23224098959815,27.63296,2021,ERBES,3.3545585018203354,2.2486278093694527
-116.58299912653801,32.954979197495106,26.79597,2021,PASO,3.324891046159514,2.2287411191251305
-118.19965531213052,34.95934783475433,26.61396,2021,BACKUS,3.318321441952316,2.2243373817305256
-118.81069286876722,34.165544660531104,26.53975,2021,COUNTRY,3.3156304155541503,2.222533532791424
-117.28256669254556,34.20390491149028,26.09075,2021,PEAK,3.2991923412065693,2.2115147620380164
-119.13969621810021,34.95171432891294,26.06954,2021,WOLVES,3.2984091105006677,2.2109897467951796
-115.19478549505885,34.54971180747388,25.38194,2021,OLD WOMAN 2,3.272679685146225,2.1937427972071193
-119.70301054607155,34.51845112772057,25.36633,2021,GIBRALTAR,3.272087817376697,2.193346056376602
-117.27328387205836,34.17988416206614,25.10539,2021,COLDWATER,3.2621418064176506,2.1866790458526633
-117.92959710720166,34.332509004970774,115998.0,2020,BOBCAT,11.661336849361689,7.072958332374587
-115.58464381693226,35.29357574363918,44211.25,2020,DOME,10.696757178988278,6.487911188557608
-116.85748628219206,34.02491197063595,33235.8,2020,APPLE,10.41141297478042,6.3148411801342395
-118.55505365586832,34.67643115085137,30999.4,2020,LAKE,10.341755386609844,6.272591717227149
-116.95653286900202,34.094010112218626,22503.71,2020,EL DORADO,10.02147989961868,6.078334814812613
-116.68905396717163,32.7369704682503,16389.54,2020,VALLEY,9.70445961811399,5.886052294329289
-117.70199309306666,33.91185329482026,13694.53,2020,BLUE RIDGE,9.524824781203911,5.777098258190848
-117.70017224069504,33.718826709124464,12469.21,2020,SILVERADO,9.431097878949284,5.720250018333528
-118.4848801105981,35.45344384252392,7750.637,2020,STAGECOACH,8.955659325848815,5.43188195906868
-117.66267461450217,33.73979895359748,6681.099,2020,BOND,8.807187438730324,5.3418292074259215
-116.67952159636467,33.87354706732004,6253.439,2020,SNOW,8.74104673062938,5.301712840107595
-117.90767909953877,34.1969537972907,4119.205,2020,RANCH2,8.323658198387273,5.048553898290303
-117.28694495959269,33.38056018474038,3052.173,2020,CREEK 5,8.02393665670429,4.866763593883236
-120.02393822263564,35.29475534141208,2922.204,2020,BRANCH,7.9804355539862435,4.840378841353432
-118.64915780526988,35.30659077104357,2884.41,2020,BENA,7.967422283229656,4.832485893656419
-118.73245454849358,34.45758673554336,2188.634,2020,HOLSER,7.691489685556222,4.665124313153331
-120.4330742728038,35.39569550607386,1962.329,2020,POND,7.582396780844357,4.598956121688476
-117.06305957940926,33.900439360596835,1954.651,2020,SANDERSON,7.578478409317191,4.596579509221105
-119.94902859386687,35.33065303771221,1653.114,2020,SODA,7.411020797029539,4.495011333166373
-118.33627900247684,34.454706384624984,1525.536,2020,SOLEDAD,7.330756395257478,4.446328512608125
-119.5422181294277,34.03622173792938,1320.728,2020,SCORPION,7.186695250377075,4.358951011364857
-117.62769214910462,33.9029021865121,1085.7,2020,AIRPORT,6.990900860068806,4.24019571064315
-115.18349162939637,35.1909682178474,1051.485,2020,IVANPAH,6.958909313673506,4.220791856902781
-117.3474859819386,33.35548186387517,959.2821,2020,INDIA,6.867227095461869,4.165183780606959
-118.78191193392091,34.45634087449423,802.5537,2020,LIME,6.689044015551711,4.057110279599422
-120.26396499698886,34.633726500017005,695.4706,2020,DRUM,6.546025581273672,3.970365214305695
-118.32096724936571,34.555871331022246,648.1807,2020,ROWHER,6.47571110630142,3.927717329413427
-120.00411472089607,35.38462213103917,567.0063,2020,LAKE,6.342132510208937,3.846697815401966
-120.68669902430715,35.17049035350117,434.291,2020,AVILA,6.076014772948234,3.685289248659999
-119.48105065573056,34.960675183616715,421.4699,2020,SODA,6.046118201655803,3.667156061550855
-120.85089081863609,35.49975542931977,322.3367,2020,WHALE,5.778694195146245,3.504955202459617
-118.71768566683046,34.76905042576771,320.8393,2020,RIDGE,5.7740523526453815,3.5021397826652865
-119.18492340705784,34.32218968783071,298.9597,2020,ELIZABETH,5.703648132299337,3.4594374644522463
-118.35885256548985,34.66781250977751,291.9492,2020,JOHNSON,5.679999215145628,3.4450936711295177
-119.84830804257872,35.31066476257103,264.3114,2020,BEND,5.58090423044289,3.3849895246835526
-118.40120715452022,34.55357044566413,233.3453,2020,MARTINDALE,5.456795668695018,3.30971387685063
-118.78597529394058,35.13829705311428,233.0561,2020,SHEEP,5.4555608302135425,3.308964909451822
-117.8906165055071,34.17712539570589,226.3658,2020,DAM,5.426560174227492,3.291375122444504
-118.44832102641409,34.50001297407721,209.9507,2020,TEXAS,5.35162445688672,3.2459243123697656
-120.00251954222682,35.31381669494392,184.9174,2020,CARRIZO,5.225302489056296,3.1693061658853807
-117.48024413614503,34.25758585868071,183.2128,2020,BROOK,5.216091611092035,3.163719485997185
-118.60033032582028,34.53853153460772,178.3116,2020,CASTAIC,5.189125074558545,3.1473634548033624
-117.14138753880785,34.00992231028497,169.5485,2020,BRUDER,5.139019713751219,3.1169730172577554
-118.68030744472512,35.31377532996832,165.1797,2020,BAKER,5.1130697329638135,3.10123355829124
-118.49759960593745,34.37045223701508,159.2057,2020,ELSMERE,5.076458614525632,3.0790277924721123
-120.06572616446535,35.37082174640042,157.1149,2020,TOPAZ,5.0633219839239985,3.0710600232469027
-120.24382799802812,34.47274724233359,157.0178,2020,HOLLISTER,5.062707684909354,3.0706874320602893
-119.9499288154223,35.26192231925448,152.5866,2020,SODA,5.034264577324644,3.053435815252658
-116.52100393894014,33.78260890428252,129.9944,2020,SMOKETREE,4.875154574195823,2.956930720088055
-117.78090689127467,34.14660116949115,128.1708,2020,SAN DIMAS,4.861135559613303,2.948427757924798
-119.4984929084974,34.93551042223688,120.7202,2020,166,4.801724968142767,2.912393412686256
-116.98063931367433,34.388839291761336,118.7805,2020,PITZER,4.78566090114719,2.902650063533761
-119.3035564942855,35.02393557790382,116.1777,2020,BASIC,4.763691586001158,2.8893250003248037
-116.08271430146569,32.6297846958443,102.6417,2020,ELLIOT,4.640939758492613,2.814872253405114
-118.72131416952155,34.10187808071875,92.71667,2020,ROCK POOL,4.540276081638302,2.7538166470735694
-116.73185238564086,33.54247628356665,91.579,2020,CASINO,4.528062334075789,2.7464086347069148
-117.12740338417383,34.57219617207046,90.21207,2020,STANDING ROCK,4.51318723481449,2.737386430938668
-118.60445507548994,34.47446519777489,83.61877,2020,EQUESTRIAN,4.438156109615492,2.691877753072739
-116.78457127091603,32.72523624275452,79.95433,2020,SKYLINE 3,4.393885168501639,2.6650260699528547
-117.06363835478149,34.466223425449236,79.4174,2020,BARNES,4.387230570680391,2.6609898523462108
-120.03409130351902,34.640711449074736,77.05924,2020,VIEW,4.357468025604637,2.642937956246687
-116.70591308333029,32.56885207216326,70.65142,2020,BORDER 7,4.2718129726402525,2.590985540464478
-118.77189862125158,35.13220588314618,66.15605,2020,COMANCHE,4.207019015708987,2.5516860190215653
-120.4527633335747,35.039803361302965,64.87589,2020,II-2,4.187772517206694,2.5400124275878118
-117.110068697868,34.18032305485159,61.77013,2020,MOUNT R,4.139479323380346,2.510721124876687
-116.7978085922905,32.56779279829033,59.76928,2020,BORDER 11,4.107084398125784,2.491072609490696
-116.7460908674345,33.562942010864994,59.73152,2020,TRIPP,4.106462838412339,2.4906956144676493
-116.91350973701635,32.74974246049419,58.15114,2020,WILLOWS,4.080095863273331,2.47470323564196
-117.18356915643805,34.14202897451427,56.79852,2020,EASTON,4.056963169814172,2.4606725478172464
-120.22640507212863,35.37580290696017,53.15897,2020,PLACER,3.991923610697922,2.421224061119048
-118.47222040779363,35.137266447657765,52.84681,2020,LILAC,3.986143163221908,2.4177180424979876
-117.59517100980588,33.837293850152136,47.93214,2020,SKYLINE,3.8904344402939586,2.3596677676402447
-120.34401575440882,35.06509368921258,47.4296,2020,HUASNA,3.880111197037647,2.35340640409762
-117.07595666408707,34.07653467696292,47.27253,2020,MENTONE,3.876862661806216,2.3514360678806003
-118.5620135413976,34.76491080204566,46.83757,2020,WEST,3.8678113140379202,2.3459461479474073
-117.35213335369525,33.46326612855358,46.38861,2020,VOLCANO,3.8583819044668255,2.340226921939551
-114.64402989347116,35.0113595155839,42.10368,2020,AHA MACAV,3.763608376295422,2.2827438713744552
-118.6007987048195,35.2418828211637,40.12797,2020,FLAT,3.7166884253228654,2.2542854825573864
-119.20146099485255,34.23656848127509,39.82645,2020,PERKIN,3.7093301556783405,2.2498224664155493
-117.42856064813442,34.20963684492306,39.66626,2020,PITMAN,3.7053987560151467,2.2474379519842382
-117.49321416444359,33.84122745606608,39.05026,2020,SIERRA,3.6901351653784396,2.2381801162857724
-118.54474711648518,35.130061800494104,38.07296,2020,JOHNSON,3.665430667651026,2.223196080981295
-117.12200435600646,34.1144766188925,36.14019,2020,GREEN,3.614699671689611,2.192426176532939
-116.6552148198333,33.987757534167116,36.02038,2020,WATER,3.6114685718144415,2.1904664153940554
-117.17790799959437,34.09314211224253,35.97919,2020,ORANGE,3.610355321987342,2.1897911952419995
-118.50388524522036,35.132113567800346,34.71796,2020,VISTA ,3.5756536435151487,2.1687435633051244
-119.48348843559103,34.851810183044606,33.6675,2020,33,3.545802648645882,2.15063801969399
-115.57739069543665,35.47373601518757,32.43561,2020,CIMA,3.5096214996942336,2.1286930435511855
-116.75333518729592,33.5449300666242,29.49193,2020,INDIAN,3.4174620584392783,2.07279551684807
-119.60157977600257,34.903474690866034,28.75139,2020,KIRSCHEMANN,3.3928758535892434,2.057883229800548
-120.29115467231084,34.95640896875338,28.68455,2020,TWITCHELL,3.3906267084364385,2.056519054307228
-118.62748572729532,34.27619324910681,26.72971,2020,PEAK,3.3225044015852627,2.0152007865916377
-120.4712786912233,34.59461323243987,25.82244,2020,LITO,3.28923885059831,1.995024210005817
-119.05667992662536,34.31425378435153,10042.46,2019,MARIA,9.21467695539131,5.057121935966227
-118.51648118887607,34.32186815031623,8799.325,2019,SADDLE RIDGE,9.082543931602517,4.984605794998648
-118.3885478046567,34.45403701419882,4581.739,2019,TICK,8.4300521332911,4.626510703629426
-119.76600430717805,34.48790114547118,2597.293,2019,CAVE,7.862609969932281,4.315091841567739
-117.25851636337495,33.54819957560546,1939.536,2019,TENAJA,7.570719502556485,4.154898956606978
-118.82340307100607,34.26803706428341,1806.234,2019,EASY,7.499552778611171,4.115841830403098
-119.93001800618995,35.32132609101946,1110.843,2019,BOULDER,7.013774277792338,3.8492409365894114
-117.08651820681742,33.99861850748825,1008.193,2019,SANDALWOOD,6.916906280555768,3.796078652540858
-119.95521946268634,35.300221817215665,832.636,2019,BELMONT,6.725796856247029,3.691195576712991
-117.0476272957189,33.79045318943498,583.4399,2019,HORSESHOE,6.370653952699906,3.4962890187701117
-116.07207088910668,33.534973293918135,564.2154,2019,LINCOLN,6.337206897431395,3.477932885645673
-118.48350914333922,34.09031714873218,552.6332,2019,GETTY,6.316502373603531,3.466570002049155
-117.09765086737117,33.9219949745172,521.9408,2019,JERRY,6.259468264541463,3.4352690193416366
-116.75511448981949,32.5635227079505,467.1911,2019,BORDER 6,6.148876545905612,3.3745749972986445
-117.47795245048232,34.02442303147321,435.9512,2019,HILL,6.079821518379428,3.3366767946614817
-120.02925174623655,34.4729321520587,420.6586,2019,REAL,6.044195981875739,3.3171250856861647
-116.83883492088131,32.55620613644942,371.3559,2019,COPPER,5.919850117337954,3.2488826283276566
-120.17323843991278,34.65190533102382,355.3229,2019,MCMURRAY,5.875837342227622,3.224727905210317
-117.42674907841476,33.975524022682045,329.3975,2019,46,5.80029647503224,3.1832701982928575
-119.34733657056923,34.70603470406591,251.7925,2019,SNAIL,5.532568994111088,3.036338241461188
-116.81951214445462,32.77723372257885,225.646,2019,DEHESA 11,5.423389328874627,2.976419170754568
-120.45635233626574,35.22195690473333,205.1924,2019,LOPEZ,5.328809713483627,2.9245127772906896
-117.28349700036865,34.18228897687026,172.7908,2019,HILLSIDE,5.157852277022852,2.8306893468842107
-119.2228278382445,34.23077196666901,171.4183,2019,OLIVAS,5.14992350108812,2.8263379423912474
-119.15989110473477,35.006120894354765,169.9031,2019,VULCAN,5.141096729219758,2.821493707280743
-116.79107411552678,33.6378360429546,166.2591,2019,BAUTISTA,5.1195441070947085,2.8096653774701785
-118.71085284152042,34.61721876798834,156.3954,2019,FIVE,5.058761110651545,2.7763069617455085
-116.85683384926563,32.784416471441844,141.9548,2019,DEHESA 8,4.9625284963787735,2.7234933832608634
-118.96970477662322,34.3488441041154,131.3172,2019,SOUTH,4.885202070229239,2.6810557408124334
-116.7452695673309,33.05358376193468,101.1678,2019,SAWDAY,4.626616559631948,2.539141003671325
-119.91866844563722,34.68322032716947,99.08305,2019,RANGE,4.606000341313788,2.527826583166064
-118.76296198171649,35.45746507043121,92.24609,2019,CATTLE,4.535242127349919,2.488993651993462
-120.42197300383738,34.99028688997889,89.01712,2019,THOMPSON,4.499999874462534,2.4696522935266967
-117.33149227447677,33.73707727539645,88.16512,2019,TORO,4.490489931723119,2.464433126292718
-116.77728982624954,33.517714380977445,81.65115,2019,MEADOWS,4.414628738265817,2.4227996205953706
-118.95925219998801,34.148535129908375,80.3277,2019,WENDY,4.398486671931266,2.4139406667603676
-118.33484810441189,34.143043813603256,72.63429,2019,BARHAM,4.299110813977773,2.3594020395686632
-116.74179039740872,32.56922403454213,67.37229,2019,BORDER 9,4.224967625587396,2.3187113950429126
-115.49278578296598,35.27052675858838,66.58718,2019,STAR,4.213418320093623,2.3123730017991253
-116.88302730280844,32.87565107929221,57.42204,2019,WILLOWS 3,4.0676932158980215,2.232397368945565
-120.17328021866369,35.1884350768828,55.30642,2019,RANCH,4.030808560616075,2.2121546409335155
-120.2138623599791,34.693708610706054,51.6265,2019,BAR,3.9632197951592723,2.1750611399815925
-120.05607920444153,35.37874179774583,47.8895,2019,TOPAZ,3.889562649497963,2.1346372413611934
-118.55319072007816,34.059172520052876,45.09488,2019,PALISADES 2,3.830701880927937,2.1023337666605255
-118.94843330860287,35.00203634211903,38.80555,2019,RIDGE,3.6840063498047106,2.021825552217105
-120.02979767580301,35.376621502846135,38.42611,2019,TRACY,3.674428287176925,2.0165689999957395
-116.34909527045302,32.70188170472314,31.55482,2019,CRESTWOOD,3.4829254375689476,1.911470007785717
-116.93585038280294,32.67964286347013,31.12859,2019,AGUA,3.4697462879444716,1.9042371371179803
-119.05412137960778,34.56854066819427,30.35799,2019,OAK FLAT,3.445469099040319,1.8909135333557285
-115.3390763033915,33.0542246150525,30.28639,2019,DUNHAM,3.4431831787014664,1.8896589936745822
-117.96741976826674,34.49839692278012,30.28638,2019,92ND,3.4431828590736155,1.8896588182590985
-116.79736971312865,32.65221856790701,29.53726,2019,GASOLINE,3.418947577363454,1.8763582136525452
-117.01093718129465,33.26492835247775,29.26041,2019,MILLER 2,3.4098402575083404,1.8713600105424286
-118.74984685203596,35.47567718529145,29.21961,2019,RIVER,3.40849105140063,1.8706195505310281
-116.91295768373342,32.60814398481948,27.51976,2019,OTAY 11,3.3505971803634225,1.8388467204472816
-117.54550560331319,33.54578645731479,26.37641,2019,ORTEGA,3.309681693659548,1.8163918252477447
-116.66073547282255,33.21509242251662,25.53614,2019,SCOUT,3.2785075774825074,1.799283107544838
-118.80158226588311,34.11824766457085,89551.38,2018,WOOLSEY,11.402578984466787,5.662353149006981
-117.4661698511965,33.70123950894964,23025.4,2018,HOLY,10.044396662749536,4.987899768172898
-116.69683259800752,33.71559366499303,13229.16,2018,CRANSTON,9.490254350762251,4.712720839831019
-118.95371787008958,34.210464696606955,4310.055,2018,HILL,8.368937932726526,4.1558915857344525
-118.74360177404081,35.38781691417707,3516.185,2018,TARINA,8.165416232739696,4.054825700518349
-118.55674728773563,34.51852523240823,3350.528,2018,CHARLIE,8.117171640231263,4.030868144891255
-118.29129898189711,34.549203227804014,1350.647,2018,STONE,7.209079127837205,3.579922748753348
-116.94560029965396,34.10494812869352,1343.208,2018,VALLEY,7.203560271013469,3.5771821655609517
-117.05151283836513,33.64568603913782,1260.987,2018,PATTERSON,7.1404427419387515,3.54583892821082
-120.09351313168726,35.119201115019955,1013.329,2018,FRONT,6.9219825891198346,3.4373548268569207
-116.7451375988544,32.82901260393947,505.3996,2018,WEST,6.227326080940239,3.092398613711876
-116.9172995817071,33.07897169313862,327.5861,2018,PASQUAL,5.794798904038962,2.8776119741723147
-117.61362458439302,33.836629392499376,281.6225,2018,SKYLINE LRA,5.64411208491549,2.8027831143205244
-117.61362458439302,33.836629392499376,281.6225,2018,SKYLINE,5.64411208491549,2.8027831143205244
-119.70320257783226,33.99297425577827,258.4481,2018,SANTA CRUZ,5.558556682603276,2.7602975588723178
-116.4437862151888,32.65418955766752,248.3807,2018,RECYCLE,5.518980644525764,2.740644679980736
-116.53422085216786,33.58614509698894,222.283,2018,RIBBON,5.408440025182232,2.6857518329427372
-118.40361998897428,34.70632276423642,219.2987,2018,FAIRMONT,5.394984352746856,2.6790699437586984
-117.23668069955848,33.41954445806279,206.2568,2018,ROCK 5,5.333958604092347,2.6487654538240006
-119.80031122748623,34.94424639116715,189.5374,2018,WASIOJA,5.249848500756753,2.606997612607168
-118.65247569210706,34.26828900124463,182.1956,2018,PEAK,5.210554434484357,2.5874847567700905
-117.74203797455853,33.5522309695288,175.7186,2018,ALISO ,5.174558636943768,2.569609772713183
-118.54904633995653,34.35919101146712,175.1159,2018,SOUTH,5.171142301034476,2.567913270507814
-119.61982212624073,34.58516767207767,165.2615,2018,OGILVY,5.113561850075958,2.539319664776132
-117.64534010503353,33.91801854568193,156.3773,2018,EUCLID,5.058646107031346,2.512049313833392
-117.72505898846123,33.76011486644805,154.9657,2018,SANTIAGO,5.049636111279319,2.507575082355712
-119.08938855480473,34.297956440468425,154.4603,2018,BRIGGS,5.046390393557062,2.5059633066345843
-117.851686706098,34.23441566963044,138.7085,2018,FORK,4.9395581090790985,2.4529119641923645
-119.82988145850112,34.46138678664157,118.0118,2018,HOLIDAY,4.779222647859401,2.3732917304740453
-118.61386837607802,34.38935695791959,111.3536,2018,PICO,4.721651040841612,2.3447025165133573
-116.54576382955588,33.76603729276694,108.6614,2018,AGUA CALIENTE,4.6973974366279485,2.332658533096878
-120.21366561445168,34.63938669630474,90.147,2018,WINDMILL,4.512473587801905,2.240828067449321
-120.27342143229563,34.52459708009437,77.55305,2018,CRUCES,4.363774192719296,2.166986133168624
-117.24097338077961,34.16382207013876,69.48309,2018,STERLING,4.255372822891626,2.1131556060013463
-118.76726473453726,34.55027805611794,62.01245,2018,CANYON,4.14333232591508,2.057517941773307
-117.4293606494968,34.243744879767966,61.23165,2018,BOX,4.130863712772447,2.0513262117280155
-118.6883952691319,34.30697374424967,60.45642,2018,YOSEMITE,4.118328305737967,2.0451013128176494
-119.98872593094936,34.63523473002668,59.46514,2018,HAPPY,4.102067000623626,2.0370261876773994
-117.02847504471289,33.36329084426496,59.08208,2018,AGUA,4.095711627362595,2.0338702027158626
-120.49095545394634,35.17718692666507,58.5271,2018,CAMINO,4.086431671045041,2.029261912788739
-117.43509248380255,34.242398911898746,51.38762,2018,KENBROOK,3.9586703038713296,1.9658174954579757
-120.63907547842832,35.30316723679891,51.21738,2018,RESERVOIR,3.955415389664549,1.9642011528977865
-118.88193369528632,34.855187132458056,45.50365,2018,LEBEC,3.839530804136425,1.9066545707885614
-116.93479935778883,32.67995115000735,44.07315,2018,AGUA,3.8082867255405057,1.8911392205273243
-117.3085422208398,34.189735434949135,34.76906,2018,NORTH PARK,3.577083273920875,1.7763269842671674
-117.13155218759715,34.175674611065226,32.7047,2018,CREEK,3.517637293509226,1.7468069840252705
-118.87530972186984,35.37447447126069,29.90837,2018,PEPPER,3.431027021010427,1.7037975955449978
-116.88967458988917,32.556636706718706,28.34346,2018,BORDER 8,3.3790696935056004,1.6779963502818236
-118.8174867081299,34.2551889658913,27.95707,2018,OLSEN,3.3658143883659286,1.6714139605521918
-119.28690870898718,34.450355434778174,281790.9,2017,THOMAS,12.548924134243684,5.638595082025316
-120.27542134948203,34.96986613712036,28834.17,2017,ALAMO,10.269351101645103,4.614316892658242
-119.95058742283256,34.52992024429737,18412.4,2017,WHITTIER,9.820833939413372,4.412785140763863
-118.35455424122172,34.303353774773335,15619.15,2017,CREEK,9.65631702642055,4.3388629266690355
-117.73332535587228,33.82275895548888,9198.028,2017,CANYON II,9.126853105281635,4.1009594514462435
-118.31541032068863,34.230024600910355,7051.351,2017,LA TUNA,8.861116315393131,3.981556214917807
-116.948174030069,33.86739131152775,6303.659,2017,MANZANITA,8.749044162876155,3.9311989507209666
-118.6191561794008,34.423875527950855,6047.719,2017,RYE,8.707601793068564,3.912577693624759
-117.20032774260451,33.29934461614365,4080.615,2017,LILAC,8.314248022410194,3.73583245132323
-117.11313583382874,33.990994495125115,3872.152,2017,PALMER,8.26182392480713,3.7122767858524655
-117.65775160969712,33.86234158487559,2661.415,2017,CANYON I,7.886988884625442,3.5438525455327907
-116.82764111550756,32.654320380700625,1912.906,2017,GATE,7.556901458999143,3.395534704508005
-120.48049599068318,35.406266112157105,1645.591,2017,HILL,7.406462369041056,3.3279380640544005
-116.83611162756837,34.314251091467,1505.491,2017,HOLCOMB,7.31753838444033,3.2879819421685808
-119.46588464545358,34.9489376481507,1175.391,2017,HUDSON,7.070206556191548,3.1768485879883364
-117.30005012363144,33.99759925125375,999.6262,2017,OPERA,6.908381283000729,3.1041358056175197
-117.3255208716577,33.59119319343529,866.273,2017,WILDOMAR,6.765353806109321,3.0398694175856034
-118.47406942777852,34.385004971697484,759.7584,2017,PLACERITA,6.634315830451251,2.980990259723145
-118.59269485119097,34.55309866112969,733.2616,2017,LAKE,6.598865368387711,2.965061340326658
-117.57784526586924,33.43247258514813,702.3066,2017,CRISTIANITOS,6.555792927600951,2.9457076451259425
-117.17196616985805,34.14435811876109,669.2087,2017,MART,6.507589156418597,2.924048294554032
-117.29431247856894,33.97999681559886,577.6851,2017,BLAINE,6.360758460883541,2.858073010228654
-116.86942340571717,33.975634675154026,521.0856,2017,MIAS,6.257831559112951,2.81182497207628
-117.09081072214994,34.093959165319376,460.2896,2017,BRIDGE 2,6.134026045328059,2.756195568815314
-120.25798610872074,35.39166435724251,450.84,2017,RED,6.1133281348648225,2.746895398147477
-118.86187876835452,35.4612379135234,449.7781,2017,MING,6.110975200683875,2.7458381566693157
-120.43122780038125,34.70766015045442,429.7042,2017,RUCKER,6.065421543579735,2.725369579110961
-118.47137633642414,34.095671452591105,419.9208,2017,SKIRBALL,6.042444692469494,2.7150454144029212
-120.48181719302735,35.43861174811146,340.4365,2017,STONE,5.833161717357944,2.6210085119886783
-117.02955127542685,34.08000700559515,336.6238,2017,BRYANT 2,5.821932257867292,2.6159627905881475
-116.83943128004114,32.85102344048402,332.5865,2017,JENNINGS 2,5.809902202039856,2.610557338064933
-116.96348308650404,34.0199055332187,325.5135,2017,OAK,5.788471295488036,2.6009278110239107
-119.68404607145281,34.935814379337266,269.1116,2017,CEBRIAM,5.598835206933018,2.5157188237942427
-120.70400799457234,35.34630113230214,253.9364,2017,CAMP,5.541014102285433,2.48973812673883
-116.64955602592569,33.34750315769904,250.5664,2017,LOST,5.527706970598301,2.483758847042479
-120.38248514166705,35.155851216887264,244.789,2017,HUASNA,5.5044734442997845,2.473319350737977
-116.96321748663746,33.865960167558875,193.6728,2017,LAMB,5.271320200513102,2.368556845226737
-117.41034185757695,33.67446125576685,188.1239,2017,ROSE,5.2424023558325175,2.355563220031907
-117.02644615102743,34.401444167217825,157.5895,2017,HIGH,5.066319102721631,2.276443914313202
-118.8273933003614,34.79697160580265,149.61,2017,GORMAN,5.014693714223758,2.2532471319773033
-120.07765114646247,34.603602578745495,147.8375,2017,AIR,5.002855106777293,2.247927702756793
-116.43427349223941,32.65102128659782,142.9097,2017,ECLIPSE,4.969186019543678,2.2327992066673406
-116.75021468302971,32.58591713514189,135.0444,2017,BORDER 6,4.9129813030443605,2.2075447996241997
-120.64745192952728,35.29991124858342,105.6661,2017,POLY,4.669703394611551,2.0982329890354814
-119.46605398663795,35.25832174753627,105.0879,2017,HILL CREST,4.664267995761175,2.0957907069004778
-117.45213096233205,34.3046648349711,93.15666,2017,TOWER,4.544959990785084,2.0421821646136786
-119.30628613521539,34.36004801271034,86.39403,2017,VISTA,4.47042697369233,2.0086923212508605
-120.29419516665787,35.44188569842348,70.57708,2017,CAMATTA,4.2707749109880595,1.9189828667320838
-120.48988430916548,35.30413566378542,69.71004,2017,MARGARITA,4.2585875713068395,1.9135067420177767
-117.27146633723103,34.198022145351885,67.45031,2017,MILE,4.22610808057738,1.8989127660932539
-115.35886223961202,33.13400163364847,66.99863,2017,HIGHLINE,4.219487557914329,1.8959379735031503
-118.25965149995497,34.50146311602081,65.97264,2017,ESCONDIDO,4.2042841777810915,1.8891066544568025
-116.46703247700948,33.22037756351497,65.18426,2017,MONTEZUMA,4.192442670322085,1.8837859221766606
-120.432662044099,35.28604383219672,64.36557,2017,POZO ,4.17999566723894,1.8781931231749471
-120.62761817310486,35.34918092206981,63.51402,2017,TOWER,4.166882564522607,1.8723010263150546
-117.75602966240544,34.124819734097244,61.10294,2017,RODEO,4.1287933308139575,1.8551864303887284
-120.11722632420555,34.771357163141694,51.36316,2017,MESA,3.9582032906339184,1.7785353843459162
-118.97746107544488,34.20331667682305,47.19403,2017,GRADE,3.875235154464243,1.7412553976660594
-117.39952078852109,33.643308338969284,46.90482,2017,CANYON,3.869216125659184,1.7385508736880906
-118.58221611753571,35.26378912877376,46.81921,2017,TANK,3.8674274416093173,1.737747166136831
-120.55897199425351,35.05913588983184,46.57753,2017,ZENON,3.8623605909590015,1.7354704833827879
-117.19146075279893,34.15055460361836,45.84431,2017,HIDDEN,3.8468295498678393,1.728491936777634
-118.06215651264245,34.220227002649146,45.1162,2017,WILSON,3.8311642982508856,1.7214530854959524
-117.04088101847756,34.5099200368051,44.23541,2017,CAHUILA,3.811880187214677,1.7127881758601313
-118.693479493482,34.105341091880895,42.10419,2017,STOKES,3.763620208161817,1.691103569463991
-117.00829914107514,33.85746386916421,41.77808,2017,EXTENSION,3.756025821861673,1.6876911917346413
-116.76049331003861,32.94376722792742,41.04634,2017,CAPTAIN,3.7387723433918216,1.6799387041263643
-118.3552682027109,34.67122602093552,38.81298,2017,JOHNSON,3.684192989774617,1.6554146197033581
-118.22676771672269,34.507894217547594,36.46341,2017,SIERRA,3.6233647233053854,1.6280827177416919
-117.13334034193267,34.171839738646575,36.30346,2017,DOLLAR,3.6190860837417995,1.626160201058755
-118.55417787131714,34.353652856109186,35.99306,2017,TOWSLEY,3.610730327483661,1.6224057177548694
-117.19045909632516,33.96854715312841,34.84784,2017,SMILEY,3.579283314184437,1.6082756638445488
-119.6995677633479,34.95153952564362,34.68973,2017,BELL,3.574862972329155,1.606289476217671
-118.71061390803963,35.02478009534301,34.28937,2017,FEED,3.5635817854450855,1.6012205122010392
-116.7955424409395,33.17572681486339,33.67333,2017,BLACK,3.5459708035414534,1.593307387945193
-117.29858783089013,33.75747135955273,33.55245,2017,CHRISTMAS,3.5424784594217034,1.5917381765795249
-119.97706983727551,35.4244632792812,30.651,2017,SODA,3.4547697436676748,1.5523281101857154
-119.06984452420713,34.44554997019471,30.4916,2017,CANYON,3.4497208436030427,1.550059493149743
-117.86346701317768,33.95017937261688,28.24179,2017,LAMBERT ,3.3755988505181223,1.5167543347785917
-118.92641130295196,34.899850590511136,28.04709,2017, ,3.368918306163319,1.5137525727039087
-116.5181041286435,33.18445522440198,27.39173,2017,WILSON,3.3460979055779294,1.5034987057481357
-116.94690003577425,33.80552716761947,26.25211,2017,VERNON,3.3051309493042735,1.4850910657226584
-120.0079124458887,34.659654485664376,25.66816,2017,WESTERLY,3.2834703444378306,1.4753583285758671
-116.61715197055086,33.974400504774636,25.6586,2017,FAIRVIEW,3.283111800243418,1.4751972242844016
-118.65088017095964,34.53736267096562,25.30416,2017,FIVE,3.2697271015803304,1.469183091499095
-120.18475675254552,34.71512071792276,25.13168,2017,WOODCHOPPER 2,3.263148371380796,1.4662270774733317
-118.31873420118448,35.57267543862168,48008.35,2016,ERSKINE,10.77915106258726,4.38247577980862
-118.33669197824359,34.38730397516887,41382.86,2016,SAND,10.630646228727697,4.322098220036503
-117.50779785516544,34.32579672515556,36266.7,2016,BLUE CUT,10.49868281697702,4.2684459006228215
-119.74573675608376,34.580868312945924,32580.44,2016,REY,10.39149808007432,4.224867838610906
-120.58574991457205,34.59567997216668,12713.62,2016,CANYON,9.450507791448164,3.8422897371449607
-117.25267079821842,34.3092868226512,8110.855,2016,PILOT,9.001081850917757,3.6595667854249143
-116.55724886533288,32.60441838894967,7606.026,2016,BORDER 3,8.936827572896021,3.6334429454727397
-120.03374255275949,34.495670924837405,7465.751,2016,SHERPA ,8.918215243754094,3.6258757371465262
-117.93604777963093,34.17839912740177,4245.794,2016,FISH,8.353919624309937,3.3964502591560044
-119.23008591087842,34.63863032478324,2300.255,2016,PINE,7.741209905277138,3.1473410771690817
-119.58292919066707,35.026835419371245,2000.119,2016,SODA,7.601461803080315,3.0905237388095244
-118.68640911136546,35.222788615445225,1563.429,2016,DEER,7.355276180167993,2.9904321338690347
-116.93231185295177,33.98481413298219,1458.703,2016,BOGART,7.285988269351246,2.9622617715441324
-117.36388794857304,33.40128792973365,1244.5,2016,ROBLAR,7.127292334702235,2.897740819391668
-117.87739616854556,34.198250414604445,1146.539,2016,RESERVOIR,7.045374928285262,2.864435687337887
-118.57331842280504,34.365941276417146,850.8893,2016,SAGE,6.747456588810272,2.743311129427056
-117.51629535272534,35.34495868024813,698.7193,2016,CUDDEBACK,6.5506792546214045,2.663307435621226
-118.71183631820197,35.200033309053566,515.6979,2016,RANGE,6.247458371030961,2.5400270241536154
-118.62910461941289,34.13280051447702,463.1134,2016,OLD,6.140128918918007,2.496390125327907
-118.52406968654893,35.495952141343544,303.7996,2016,HAVILAH 2,5.719654511475672,2.3254379885644467
-117.58819041762712,35.38202432370803,229.7579,2016,JOHAN,5.441369108983266,2.2122955871623335
-120.54663136531484,34.7331568878769,225.5222,2016,WASHINGTON,5.422842953365137,2.2047634143763695
-118.35058040210177,34.2836006719758,155.913,2016,WHEATLAND,5.0556915116285355,2.055490777636249
-117.5211448458282,33.66926690886135,146.0501,2016,HOLY,4.990773345040576,2.0290970207355983
-117.13899416472032,33.449440687778456,139.9618,2016,TEMECULA,4.948488931686362,2.011905461185845
-117.1255164412633,33.77305088372963,118.9174,2016,BRIGSS,4.786803172438556,1.946168937063564
-118.8215694114101,34.78571809637075,105.8172,2016,GORMAN,4.671118962248285,1.8991352470891458
-118.37267461442792,34.6645367692556,101.4958,2016,JOHNSON,4.629821822129183,1.8823450828826627
-116.79635009231227,32.962590382145315,100.0661,2016,FEATHER,4.61577475822423,1.8766339728904713
-117.65399417719114,33.54362480062127,97.34912,2016,TRABUCO,4.5885235971590435,1.865554477608662
-118.86732191995661,34.147706932129836,78.70457,2016,SHERWOOD,4.3783269241773874,1.7800948877959042
-117.68048870059678,33.52824729036736,70.31184,2016,SAN JUAN,4.267062372540027,1.7348580968955125
-117.09005928150575,33.41946146239611,66.19798,2016,PALA 3,4.207643187553498,1.7107000590734756
-119.19195075959777,35.324154479937064,65.12898,2016,STOCKDALE,4.191607077403093,1.7041802632260628
-118.38744910306436,34.28810366775704,61.8065,2016,KAGEL,4.140058571302781,1.6832222046407226
-117.62728579286983,33.49787889163589,55.2786,2016,SAN JUAN,4.030314356314895,1.6386035364945983
-117.77816788960244,33.56998586379265,46.28121,2016,LAGUNA,3.8561129649869494,1.5677785360960568
-119.3047075128629,34.35613528497373,46.16,2016,CASITAS,3.85354607566917,1.5667349167795355
-118.6012914732939,35.15415198189523,44.1466,2016,FRONTIER,3.8099149724870442,1.5489958340046717
-118.34030168716662,34.315621650121955,41.84724,2016,MAREK,3.7576412322342057,1.5277429172167065
-118.8004956687268,34.23455941052095,40.23864,2016,SAGE,3.7193756809134215,1.512185305036429
-117.24151051682904,34.166089377071245,36.23268,2016,BASIN,3.6171868702522,1.4706384350565995
-117.36137367079102,33.63890618768284,36.15097,2016,EVERGREEN 2,3.61498988118629,1.4697452059596188
-117.14827106055814,33.229795893694536,34.47683,2016,GOPHER 7,3.5688798073392927,1.450998248925031
-120.4431193617339,35.454152933563535,33.58666,2016,O'DONOVAN,3.5434680585875546,1.4406666028816235
-118.33350377830041,34.584095053926,30.64844,2016,SPUNKY,3.4546888582759117,1.4045716736188762
-120.55959541166506,35.018496811790456,30.23294,2016,BLUFF,3.441473307113832,1.399198631479625
-118.70988935303586,34.76423440000591,30.11751,2016,CEMENT,3.4377706832555215,1.3976932569574043
-117.15986814002318,33.25594419016005,29.30604,2016,GOPHER 10,3.4113470325837523,1.3869502022946787
-118.55542451634521,34.306678925352074,28.68535,2016,SESNON,3.3906536581196973,1.378536904079943
-118.58483844560855,34.45118548073516,28.31304,2016,NEWHALL ,3.3780324682116523,1.3734055111935077
-116.7599808672178,34.14415340821323,31284.44,2015,LAKE,10.350908092581605,3.807886284715881
-117.47549750513849,34.373736365103476,4249.093,2015,NORTH,8.354696144031989,3.0735209486236923
-120.61405508444463,35.35488591845379,2445.945,2015,CUESTA,7.802595586688232,2.870414504117629
-120.42226465920531,35.367294968615745,1812.315,2015,PARKHILL,7.502911940836651,2.760167051953529
-117.84400571367105,34.26764523077924,1461.844,2015,CABIN,7.288137765122825,2.6811560482138694
-119.33991366888428,34.303878427806445,1287.388,2015,SOLIMAR,7.161147103535992,2.634438794595314
-117.62328724999361,33.90723635565441,1048.689,2015,HIGHWAY,6.9562492088023165,2.559061071583484
-116.56280831691627,33.575735903264444,543.5366,2015,ANZA,6.299935157744866,2.3176166252475037
-118.39072197171369,34.717827150200335,410.6794,2015,POPPY,6.020244891089698,2.214724326249309
-118.53542522296712,34.356800065392505,364.396,2015,CALGROVE,5.90098169697649,2.1708498490466206
-119.32893458124485,34.60431955309238,273.8199,2015,CHORRO,5.616115974029026,2.0660536060798087
-118.56791968737623,34.60717071061137,270.0217,2015,WARM,5.602198891474703,2.0609337975269875
-118.07265723384853,34.02994920999591,234.188,2015,LINCOLN,5.460385194314723,2.008763453865318
-117.7268491706782,33.76956113574305,213.5105,2015,,5.368358688218959,1.9749087942298478
-120.41673228763125,34.68954738600597,210.8346,2015,MESA,5.355805781487188,1.9702908379162867
-118.78596791187476,34.22894411872351,186.1511,2015,RUSTIC,5.231916311971423,1.9247144491038006
-117.14234548674128,33.90663808970902,181.437,2015,MERWIN,5.206404907945966,1.9153293280474168
-117.6816063760054,34.38527197742248,174.9406,2015,PINES,5.170146438072209,1.9019905824125272
-116.84692132331146,32.95905940511314,170.9495,2015,WILDCAT,5.147200829052006,1.8935493645888368
-119.06634753551849,34.33967793113308,164.7058,2015,RIVER,5.110213926837427,1.8799426436714746
-116.86443400867236,33.38440825869018,150.418,2015,CUTCA,5.020044224293121,1.8467710638888801
-117.23882264632427,34.164917308329095,118.0251,2015,STERLING,4.77933439523986,1.7582188664922929
-118.3284886184434,34.70896427274783,96.20006,2015,MUNZ,4.576771328750153,1.683700078790086
-115.8374990569173,33.484069898459154,69.16941,2015,PALMAS,4.250912461077217,1.5638233006498072
-118.83907411295935,34.9073943078636,62.68637,2015,,4.153970567940355,1.5281603711765168
-117.32026750438871,33.434088179243496,56.08641,2015,DELUZ,4.0445660848320095,1.487912711068968
-116.90237739903382,34.232998687334074,55.595,2015,SUMMIT3,4.035920642084384,1.4847322304222919
-117.03868751759082,34.084266420079715,53.99769,2015,MILL2,4.007291184350446,1.4742000415100895
-120.28886161004542,34.9516535323094,53.55653,2015,WHITE,3.9992374118059146,1.4712372241670852
-118.35728878049252,34.67181966891616,53.45473,2015,JOHNSON,3.9973697142929723,1.4705501366497467
-117.4675382775996,34.314207399293885,45.73383,2015,SCALES,3.844468313550657,1.414300854790333
-118.82020623369571,34.29010191928342,44.26712,2015,PRINCETON,3.8125809411338794,1.4025701460452231
-118.87275795216438,34.160428026722315,43.49679,2015,POTRERO 2,3.795417051738892,1.3962559040062668
-117.14663265078363,33.974079929738025,35.20248,2015,SPIDER,3.589127624772433,1.3203662648942687
-118.74602102597787,35.479333890270034,31.73204,2015,LIGHTNING,3.488354414710093,1.2832938726914829
-118.63689558351905,34.515660812491326,31.04365,2015,CASTAIC,3.4670990358116316,1.2754744557804296
-118.87283197127189,34.16021412464611,29.24935,2015,POTRERO,3.409474696642683,1.2542756460890832
-118.80590945220285,34.222561316898975,25.0148,2015,BANNISTER,3.2586656068403337,1.198796082409021
-117.39604936072638,33.3192819241054,15186.14,2014,PULGAS,9.628204296098263,3.204950798108734
-117.28790396530054,33.356220808704954,5365.311,2014,TOMAHAWK,8.587895986816347,2.8586622438179456
-117.5443691751137,34.168128911880075,2141.841,2014,ETIWANDA,7.669887797667324,2.553083863052199
-117.15090587810471,33.11288226696385,1994.787,2014,COCOS,7.598793737750273,2.529418706283114
-117.87304818702393,34.158593264180546,1951.893,2014,COLBY,7.577067141869389,2.5221865507671737
-117.54377354189944,33.4170506138122,1457.185,2014,COMBAT,7.284947790664642,2.4249484657624696
-117.14887580881891,33.00091618063344,1331.426,2014,BERNARDO,7.194756619788698,2.3949264329729956
-117.58784033860624,33.75549875756505,959.0129,2014,SILVERADO,6.866946721871599,2.285807997006374
-120.45125080377524,34.61642096032308,631.8137,2014,MIGUELITO,6.450176066029457,2.147077097142641
-117.1635838704963,33.31009207590858,441.0284,2014,HIGHWAY,6.091374133407203,2.027642308997706
-117.27684443064244,33.11184063167795,376.9402,2014,POINSETTIA,5.934735982046279,1.9755019978057313
-116.49331035011062,32.81367266522635,270.0748,2014,GUN,5.6023947975547825,1.8648752275665434
-117.86382836623685,34.26454285442892,268.8589,2014,TECOLOTE,5.59789922980668,1.8633787830583945
-119.4055514411433,34.925812472056634,223.7797,2014,SCHOOL,5.415120811450917,1.8025371328636908
-117.76351759135294,34.26556581498156,190.0584,2014,SHOEMAKER,5.252579140474127,1.74843171069955
-116.57693724540836,33.078934556684885,177.7857,2014,BANNER,5.186187881912398,1.7263319805140276
-117.28808655314066,33.250813833122876,167.907,2014,RIVER,5.129348267596749,1.7074117164997966
-118.7196450685246,34.757844385763654,117.0455,2014,PINE ,4.771070143364042,1.5881512890211404
-116.91791980634116,33.59313632320608,77.76864,2014,SABINA,4.366514948109791,1.4534865627611697
-116.9494409708332,33.98775897136395,31.47281,2014,BOGART,3.4804031237931135,1.158525559523195
-116.22680669324821,32.662681594954314,26.66445,2014,JACUMBA,3.3201481954367433,1.105181327853252
-118.46512247014044,34.65807413647197,30267.69,2013,POWERHOUSE,10.317869123907164,3.1076824593884615
-116.61958341999795,33.724789051657105,27523.67,2013,MOUNTAIN,10.222837972418194,3.0790596266086325
-119.00909544351136,34.12844357927959,23676.66,2013,SPRINGS,10.072287266547598,3.0337146254011125
-116.81600735889376,33.88049612290814,20308.45,2013,SILVER,9.918841573951722,2.9874976709483754
-116.45560712161812,32.92756711828273,7084.673,2013,CHARIOT,8.865830137027828,2.670336721069548
-118.90999987079361,34.784354068228616,4345.26,2013,GRAND,8.377070984153477,2.523125293204682
-116.80775602881324,34.03025274138997,3779.732,2013,HATHAWAY,8.23767292065939,2.4811394033284935
-116.91101886173846,33.95759766054103,3166.079,2013,SUMMIT,8.060564990970184,2.427795520022351
-116.53989954463464,33.12301251269386,2780.291,2013,FELIPE,7.930670487378928,2.388672047381456
-117.3177621343899,33.36489670206345,2229.46,2013,DELUZ,7.709963121208683,2.3221962661645916
-119.7729330677482,34.55104458764029,1912.05,2013,WHITE,7.556454106056346,2.275960239324365
-117.38818312731566,33.638068695431336,1384.327,2013,FALLS,7.233691491836997,2.178746008099846
-116.49881390975992,33.041759744459966,1270.866,2013,GENERAL,7.148240392438847,2.153008631559589
-118.9098114099055,34.87952360549587,712.046,2013,RANCHO,6.569545934462252,1.9787092103513697
-118.62537918639534,34.52326670684401,659.6399,2013,LAKE,6.493208910769399,1.9557169406604775
-118.93102352534466,34.89519709226179,612.6207,2013,WATER,6.419376984816487,1.93347919190913
-117.05326437598399,34.06986830980048,534.2628,2013,MILL,6.282757841242707,1.8923302966283055
-116.85127536180299,33.892802548780054,510.2238,2013,GORGONIO,6.236807459100077,1.8784903074917916
-120.04005205931293,35.15819973089278,489.5211,2013,BRANCH,6.195468295409455,1.8660391906628853
-118.75884852760615,35.47474134114672,439.6849,2013,RIVER,6.088330107589496,1.8337697886167512
-117.61266224347139,34.30417088716762,406.6946,2013,GOBBLERS,6.010518364704379,1.8103333420409533
-117.41981364629481,33.97153416231128,362.2378,2013,JURUPA,5.89505771620159,1.775557263008284
-116.87282976265844,32.56398025082266,325.2898,2013,BORDER2,5.787785943533608,1.7432476259791263
-116.73506895454263,32.7125452191871,263.2317,2013,LYON,5.576826369750572,1.6797078234082108
-115.27009084654865,32.698191478243444,261.724,2013,HIGHLINE,5.5711040514831165,1.6779842942673338
-117.61809499879895,34.33723833046326,245.4933,2013,SHARP,5.507334812585964,1.6587773686134648
-117.91837017527963,34.16629316296791,209.502,2013,MADRE,5.3494951542649485,1.6112369771169754
-118.45999844296792,34.57058524674005,206.0807,2013,BEE,5.33310857236409,1.6063014334954113
-117.15090482912125,33.98042376535854,168.0977,2013,REDLANDS,5.130476654392756,1.5452698726537775
-116.93566115222808,32.57184755289532,164.2063,2013,OTAY,5.107194995952955,1.5382575718879925
-118.70257368248146,34.15180381294715,161.9402,2013,OLD,5.0933832623274276,1.5340975576635107
-118.91700268394784,34.41598364869984,145.2335,2013,GOODENOUGH,4.985204659234433,1.501514788559153
-118.60431109855644,34.41307063628176,145.1069,2013,MAGIC,4.984338545567528,1.5012539201358235
-116.82464682891231,32.8969926353503,139.3611,2013,PEUTZ,4.944218387674901,1.4891699607975606
-117.19105615691345,33.96847908376376,126.6421,2013,SMILEY,4.849230253797422,1.4605600846733224
-117.43151203223395,34.211854779469455,123.3818,2013,SIERRA,4.823355867351057,1.4527668692388978
-117.45534472719002,34.301933573057,98.36967,2013,CLEGHORN,4.59884693631595,1.385146078688528
-116.71122888308128,33.64441461497299,95.79614,2013,LITTLE,4.572607117454403,1.3772427971258052
-120.85024907376048,35.44278305423096,94.40611,2013,CREEK,4.558142622524969,1.3728861749748262
-116.65432262543466,33.958524834408436,89.7011,2013,WATER,4.507569484941705,1.3576538386565076
-118.18561330202856,34.97070259510617,77.83089,2013,BACKUS,4.367304925126059,1.3154069651036224
-117.4400847822409,34.181464802969444,76.87362,2013,LYTLE,4.355087256244343,1.3117270739533897
-117.10154339709435,34.001804680390826,72.77747,2013,LIVE OAK,4.301053400444766,1.2954523893392584
-119.50962959054647,35.00015554794526,71.47372,2013,ELKHORN,4.283224013389253,1.2900822811561956
-116.99616129949302,33.90822911715976,67.45936,2013,RELAY,4.226240284533656,1.2729191118517154
-116.25208260096484,32.607643686457614,61.55982,2013,BORDER,4.136123218995065,1.2457763733169793
-116.61130636722145,33.834811847217225,59.22004,2013,TRAM,4.098005187284519,1.2342954427962771
-116.90642649962959,32.81918131707592,58.84497,2013,VALLEY 2,4.0917573850301965,1.232413640920103
-120.77030662682215,35.46718547772439,51.07315,2013,TORO,3.952649460831874,1.190515139320447
-120.14166934879417,35.17145928771156,50.99357,2013,ROCK,3.9511200570895064,1.190054491765569
-118.69711341573135,34.57838715974846,49.12442,2013,HIGHWAY,3.9145083144874686,1.1790272468058158
-118.8530136302417,34.3055658230668,44.73134,2013,HAPPY CAMP,3.822783839667947,1.1514003658994894
-116.97552648475958,32.67952467626456,44.05412,2013,MIGUEL,3.8078644338127567,1.1469067272107372
-117.2529400714061,33.95858801863485,40.5702,2013,HEACOCK,3.7273835644148683,1.1226663551784313
-117.140441289909,33.97446398708517,40.46907,2013,VIPER,3.724947848156815,1.121932731539645
-118.2409128502898,34.785155697698364,39.12205,2013,MAY,3.691926058498213,1.111986759627492
-118.69591921593299,34.26743192595397,37.86338,2013,HIDDEN,3.6600524190654595,1.10238660391777
-118.68441725036091,34.56728820458761,29.87113,2013,TOWNSEND,3.429821442962355,1.0330423665126185
-116.86126700375061,33.550941583323976,27.81954,2013,THOMAS,3.3610536293058972,1.0123298990734364
-118.86591556353446,34.40481727534579,25.82967,2013,CONDOR,3.289508364697337,0.9907808794836112
-118.22702281012842,35.28006468629228,12015.21,2012,JAWBONE COMPLEX,9.394011850548937,2.5601668934128647
-116.46162098230032,33.18831279028783,11667.14,2012,WILSON,9.364617329544357,2.5521559518981105
-116.49382537355812,33.135973855413866,10630.23,2012,STEWART,9.271551174896077,2.5267924659010337
-116.45674822078051,33.05454391171348,5320.116,2012,BANNER,8.579438334772199,2.3381697126002106
-117.78901129246272,34.25618363653377,4192.321,2012,WILLIAMS,8.341248300405526,2.273255355451428
-116.8515486831624,33.58039734781785,2637.363,2012,BUCK,7.877913928056305,2.146982008180806
-116.3357652470341,32.61926693979033,2555.589,2012,SHOCKEY ,7.846429227135289,2.138401426185662
-116.95826649603177,33.84601446737231,2177.426,2012,HIGHLAND,7.686357876653729,2.0947768940255465
-116.72105357799894,33.38892933560488,2006.962,2012,CHIHAUHAU 2,7.604875556329764,2.072570371167085
-118.30329541515428,35.12214813595247,1428.454,2012,SAND,7.265047832161013,1.979956512176707
-116.36880938926198,32.693633367102436,995.6812,2012,OLD - 2,6.9044309595501066,1.8816769492857386
-118.21493708623429,34.573895264828124,885.1592,2012,HILLSIDE,6.786896618436762,1.8496451045590474
-118.88478505898165,34.718068127363104,689.6714,2012,HILL,6.537664167969633,1.7817213379509802
-120.54196923837087,35.39567543288967,616.9758,2012,CALF,6.426449298114922,1.7514117500574313
-116.50512529827162,33.016068329330324,519.3954,2012,VALLECITO ,6.25458890724494,1.704574329582109
-118.6600604944798,34.535289747266454,488.7408,2012,FIVE MILE,6.193876271553772,1.6880282061173741
-117.05291651973309,33.649946829589545,402.8371,2012,VISTA,6.001011578825203,1.6354664455951033
-116.65542630137863,33.94371350982974,376.149,2012,VIEW,5.9326403348311905,1.6168331078774492
-119.32691798785407,34.68406110157551,360.8288,2012,OZENA,5.891171171783174,1.6055314425163536
-117.44271433871499,34.25540879108965,334.4905,2012,DEVORE,5.815593640064484,1.5849341622839739
-116.8838090107724,33.878375837397435,322.5931,2012,RANGE,5.779486862336487,1.5750939174090823
-117.29058081746133,33.54095381656777,309.349,2012,VOLCANO,5.737697470685951,1.5637049795727613
-116.2162658260569,33.96943284927773,257.6587,2012,QUAIL,5.555509432071739,1.51405294673988
-117.46840378756606,33.862469810660215,256.1035,2012,LAKEPOINTE,5.54947872755919,1.512409388025817
-118.89361324315993,34.90804845999272,206.0988,2012,GRAPEVINE,5.333195974082482,1.453465461418476
-119.2094245055484,34.90643449977986,173.2719,2012,EMIGDIO,5.160616723235485,1.4064321287446775
-116.72653668984753,33.57094979352191,160.4304,2012,CARY,5.084074090020547,1.3855718276710656
-118.76269964785764,34.74879711230653,146.9889,2012,COPCO,4.997137270951474,1.3618787804894976
-119.90812440581222,35.1253781371852,144.3692,2012,CALIENTE,4.9792767132243565,1.3570112106675387
-115.39336281587215,33.17280049741639,142.1018,2012,HIGHLINE,4.963556265099648,1.3527268887528137
-116.64244206318445,33.889697079910036,136.8997,2012,WINDY,4.9265266093074045,1.3426351302643214
-118.36808771859133,35.32627252172129,130.0695,2012,TWINS,4.875727716868703,1.3287908170238603
-118.22742716356507,34.435145743874955,126.4701,2012,TREE,4.847881827292835,1.3212019268091217
-116.24611224814419,32.608115144501014,121.3023,2012,BORDER 12,4.80649584873052,1.3099229318650667
-117.16522758950298,34.35259831800137,118.7185,2012,BOWEN,4.785143153671125,1.3041036435944215
-117.19266875154513,33.765164703258776,97.77544,2012,FREEWAY,4.592848990855996,1.25169737061244
-117.66438431483327,34.43383744235966,94.33763,2012,OASIS,4.557424591066194,1.2420430954205715
-119.53106547572335,35.12978882302507,93.25681,2012,MIDOLI 2,4.546023078359789,1.2389358207193948
-117.39378359171238,34.34338076891437,86.87046,2012,LITTLE,4.475863684500308,1.219815155312691
-118.7164360394129,34.41160878134496,75.20238,2012,TELEGRAPH,4.333392695800643,1.1809872813070428
-116.77800545490165,32.611185103319336,73.98676,2012,MARRON,4.317311564619134,1.1766046617921309
-118.15603855302145,34.55584405696967,71.69716,2012,TOVEY,4.286302319127187,1.1681536565175787
-117.25147309954103,33.665815712253675,71.6502,2012,CEDAR,4.285656142937485,1.1679775529619834
-118.1920513939269,34.96460536635948,66.91458,2012,SOLEDAD,4.2182507390544925,1.1496074373815697
-116.84488681547785,33.76727079971583,66.46069,2012,CREEK,4.2115450578646225,1.1477799260633799
-119.14560466497333,34.694465413748254,63.83113,2012,VALLEY,4.171785889237067,1.1369442885477705
-116.25208259859248,32.60764426781284,61.55973,2012,BORDER 6,4.1361217803709645,1.1272246850115313
-117.65635238282493,34.43505362801835,58.09877,2012,OASIS,4.079210112012735,1.111714445989306
-117.12422116552264,34.08613982793351,56.50734,2012,GREENSPOT,4.051912591830372,1.1042750038686244
-116.77228432792077,32.56350445110869,56.17696,2012,BORDER 7,4.046151020038371,1.1027047923774562
-118.47308023150538,34.09609589729275,53.52312,2012,SEPULVEDA PASS,3.9986248318967426,1.0897523951071464
-118.22472014509007,34.58138989699946,47.19527,2012,HILLSIDE,3.8752608834611353,1.056131797044235
-119.38978973325834,34.70593534242916,47.1736,2012,TINTA,3.87481115316202,1.0560092312394354
-116.96528164870124,33.63022785247614,45.88421,2012,RED,3.8476809449909077,1.048615386961176
-116.78394491333883,33.54002407103495,45.63428,2012,ROCK,3.842335893011718,1.0471586903614276
-116.91721791874504,33.99629635389589,44.45541,2012,BLUFF,3.816731845442943,1.040180773368581
-117.73172434786461,33.771539096090564,43.97403,2012,SANTIAGO,3.806085212066493,1.0372792272847216
-119.79552822747851,34.5041381134075,43.56773,2012,LOOKOUT,3.7970100545418437,1.0348059583324627
-116.85607257247638,33.89191682931837,41.8919,2012,TWIN,3.7586829969180835,1.0243606165965413
-118.91237884934674,34.98210419715377,41.16521,2012,LAVAL,3.741595473448212,1.0197037231867865
-117.05991576487877,34.460165000158284,36.44505,2012,POWERLINE,3.6228745249922003,0.987348490233371
-119.73324454665548,35.31659890772706,35.61077,2012, ,3.600342459415745,0.9812077860010597
-119.22727669210832,34.300838311428336,35.34611,2012,SKYLINE,3.5930871831223268,0.9792304925438573
-118.56426380256029,35.111244216062666,33.2103,2012,PRISON,3.532526768316745,0.9627258541100085
-117.07556528033716,34.607063505266815,30.00077,2012,JAMESON,3.434012042886348,0.935877459348209
-116.89631850662009,33.88744626575365,29.61336,2012,TRUCK,3.4214365149829065,0.9324502281803347
-118.90097091007954,34.84826442287833,29.23741,2012,LANCER,3.409079899495172,0.9290826576056306
-118.66856092114391,34.28165238404475,29.06263,2012,MOUNT SINAI,3.4032828721809545,0.9275027833574199
-118.78865427222487,34.51435123282493,27.25939,2012,BLUE,3.341425791743869,0.9106447623140517
-117.29965580249248,33.750517312,27.12194,2012,CHRISTMAS,3.3365500546054347,0.9093159689293517
-118.55155139310953,34.75631529506901,27.09223,2012,RIDGE,3.3354930256475663,0.909027894932175
-116.9284874170709,33.99801695283461,25.88265,2012,BLUFF 2,3.291481097105162,0.8970332451316286
-116.98291537270782,33.88193498288701,25.16839,2012,LAMB,3.264552193824198,0.8896942628360281
-118.76621901757208,35.1156889183734,25939.01,2011,COMANCHE,10.163541843375372,2.5062985614698454
-118.72454900549853,35.40764491183531,25223.41,2011,BRECKENRIDGE COMPLEX,10.135567455453723,2.4994001623402418
-118.39340290220518,35.016268908110945,14585.36,2011,CANYON,9.587842124440755,2.3643327586385325
-116.47954192341207,33.311973055341944,13992.99,2011,EAGLE,9.54638323071362,2.3541091213170433
-118.95199594401161,35.5236910036862,5899.568,2011,REED,8.682803896446478,2.1411530793640523
-119.89828186492716,35.45799567168015,5068.753,2011,ANTELOPE,8.531047377449752,2.103730382521113
-118.52429011047947,35.30394679954748,3068.719,2011,INDIAN,8.029341305447405,1.9800111883742653
-119.09150401811478,35.01505406668497,2709.766,2011,KNOB,7.9049865307604,1.9493456784848073
-118.54803790055391,35.18204712865807,2577.548,2011,BLACK,7.854981728791861,1.9370146461368645
-116.50280510196148,33.05965686014133,2133.962,2011,GREAT,7.666204126909481,1.890462662652492
-118.68679792111163,35.336466928336826,2130.331,2011,CATTLE,7.664501946174725,1.8900429100512213
-118.58863394154916,35.34409943069292,1711.335,2011,BAKER,7.4456132151294225,1.8360656135344189
-115.77279710241525,35.351540957139555,1708.175,2011,WELLS,7.443766076936945,1.8356101148641735
-119.9380870147087,35.36026755550934,1533.496,2011,SODA,7.335957267344109,1.8090247897324214
-117.4491055818735,34.36230078887439,1159.325,2011,HILL,7.056455417273242,1.7401004820888835
-117.0776199454173,33.93162041232112,1026.639,2011,GILMAN,6.935019217026254,1.7101546837953714
-114.48542150121995,32.823160978732446,730.8424,2011,LAGUNA,6.595565190234374,1.6264463513907408
-120.04170449178915,34.853041460012165,675.5593,2011,FIGUERO,6.517020100827576,1.6070773708105024
-119.63797697541455,35.2920750914168,674.2451,2011,58 COMPLEX,6.515075736074756,1.606597896365662
-118.96459265298522,34.943366296115315,667.1498,2011,IKEA,6.504512399893043,1.603993009734157
-119.14530764294148,35.002530820347545,633.4729,2011,WOLF,6.452794575446408,1.5912395512439517
-118.32932327590507,34.560167255579564,601.9916,2011,MINT,6.401903266281899,1.5786899089129702
-118.64251471766673,35.268979683434765,552.2788,2011,CALIENTE,6.315862033608826,1.557472402161997
-118.89033360015787,35.499432486861785,550.7938,2011,LIGHTNING,6.3131744257650055,1.5568096462274452
-116.59501678150443,33.86706712483068,541.4962,2011,WINDY POINT,6.296181080781787,1.5526191389473714
-117.81855291110851,33.93330768835581,508.3433,2011,CARBON CANYON,6.233122248929731,1.53706902246295
-118.52484382637118,35.39864869618958,465.2943,2011,HARPER,6.144816979849363,1.5152932112076847
-117.14264349211939,33.62538040612813,411.1817,2011,KELLER,6.021464271546522,1.4848748078462295
-117.6697471946943,34.435511377740156,355.5502,2011,OASIS,5.876475043405301,1.4491209043823674
-117.43309105499314,34.25171309421273,322.3915,2011,KEN,5.778863663557027,1.4250502344656322
-118.34957532762644,34.49092629487492,298.8475,2011,WAGON,5.703274012077677,1.4064100559054202
-117.12650640197722,34.37843535837149,294.4362,2011,BOWEN,5.688452908289913,1.4027552167090944
-118.34073787593667,35.34709287301325,283.8314,2011,HART,5.651897426269415,1.3937407458274176
-118.55947799789863,34.76925689669577,241.0146,2011,RANGE,5.488998054915383,1.353570255423517
-119.27365251027814,34.98760978268979,217.545,2011,HARRIS,5.3869919429876765,1.3284158579186567
-117.57692629394533,35.41302854400608,217.4034,2011,TRONA,5.386343811515141,1.3282560306652946
-117.07169624257757,33.38542169376796,191.5002,2011,PALA,5.260097192688338,1.2971239977547118
-119.72729948654587,34.910584536016536,188.9787,2011,CANYON,5.246911960613064,1.2938725595560834
-116.76043804480327,32.59516709689505,185.4253,2011,BEE,5.228030622654794,1.2892164789404188
-119.06258121920894,34.932732634646655,182.72,2011,UNKNOWN,5.213412859457593,1.2856117829163716
-117.04614527209598,34.57216544218235,179.29,2011,JOHNSON,5.194566665554109,1.2809643687179175
-120.2195216204552,34.74934331388989,171.7036,2011,ALISOS,5.151576830332012,1.2703632058717986
-118.15210141723912,35.30358206524818,170.0369,2011,JAWBONE 2,5.141879322697145,1.26797182993124
-117.25453200421255,33.80658559169396,167.3494,2011,GARZA,5.1260415815971685,1.2640662910602924
-116.64037858646628,32.66957320997946,160.2964,2011,BARRETT,5.083243666221218,1.2535124550655532
-118.92529710706448,34.89714233491936,155.2015,2011,GRAPE,5.05114684043246,1.2455974752738828
-117.20530809837034,34.39570082148625,143.4112,2011,ROUNDUP,4.972664785777794,1.226244038872143
-116.48051172402268,32.713872435265955,141.8243,2011,RIDGE,4.961615203495768,1.2235192454285724
-118.25632039489214,35.38038179225867,138.65,2011,QUAIL,4.939139292391186,1.217976753988361
-117.52624265484636,34.686327591683266,138.5002,2011,EL MIRAGE,4.938066034952149,1.2177120919623667
-118.67602966651093,35.50269348799274,135.8848,2011,COW,4.919139696181254,1.2130449142829338
-119.63975448085992,35.22585087784257,134.3597,2011,TUPMAN,4.9079356795434,1.210282037796088
-118.34192796395122,34.77845033512028,132.5602,2011,LIGHTNING,4.89455231252866,1.2069817401229366
-120.57152579997965,35.398254755371845,129.6425,2011,MARCOS,4.87246458503759,1.2015349735832692
-119.89745872245264,34.820010356348256,124.81,2011,HURRICANE,4.83477283236304,1.1922403018080872
-118.47654224541908,35.41680750304343,120.4073,2011,PEAK,4.79915100861327,1.183456068221331
-118.49688264333386,33.433100186375704,117.999,2011,BANNING,4.779115089714876,1.1785152714512068
-117.97365223449347,34.70132482928094,113.5577,2011,EAST,4.741078626195151,1.1691355950281668
-117.87072331128023,34.570811569701895,108.0505,2011,RIVERBED,4.691811077689855,1.156986367145915
-119.96632686084413,34.700448669637275,107.0067,2011,GOAT,4.682193262237039,1.1546146430555
-117.0745948522126,34.656053521458,104.6856,2011,ABIGAIL,4.660468648969111,1.1492574193808234
-117.51505115961587,33.753457434664924,102.8208,2011,TRILOGY,4.642666336013779,1.1448674230549
-116.71366683142399,33.92394795627252,98.981,2011,CABAZON,4.604980167935805,1.1355741284242786
-117.08774960785026,34.53787045037178,97.54586,2011,CAHUILLA,4.590522023583901,1.1320087939228698
-119.46195395646073,35.21202585723414,86.58503,2011,ELK 2,4.472610092927956,1.1029320698106204
-118.37362018459497,34.74039687545742,82.12325,2011,PARK,4.420324446122829,1.090038588050753
-118.45100115073662,34.79079409392141,80.12396,2011,CHARLIE,4.39597835521943,1.0840349159501284
-116.70512942761987,33.92361486321808,78.90387,2011,WHITEWATER,4.380824287143696,1.080297968771288
-117.16544822861235,33.992898651529444,71.13065,2011,SAN TIM,4.278479057981979,1.0550599459861005
-119.85889758997352,35.31312331313219,69.24511,2011,SEVEN,4.251990697250143,1.0485279966498398
-117.10757125670204,34.09169728349889,67.3874,2011,FLORIDA,4.2251885971333465,1.0419186801337788
-120.12465837193167,35.04295542651166,65.54086,2011,BUCKHORN,4.197816195063467,1.0351687288875575
-116.94515054337006,33.46248388170572,64.58863,2011,SAGE,4.183402357757115,1.0316143203690629
-119.16183204508292,34.32385947469639,60.44737,2011,FOOTHILL,4.118181036072543,1.0155309404573885
-118.81959839846076,34.29469553371427,58.85123,2011,COLLINS,4.091861983171252,1.0090407419181116
-118.27534218820362,34.706348112782685,57.09016,2011,INDIA,4.061996286347351,1.001675951755337
-116.07615901170841,33.58806873407411,56.77666,2011,THEODORE,4.056584887898269,1.000341517327115
-116.9089667096285,34.10529629900106,54.85623,2011,MOMYER,4.022781068085512,0.9920055979916601
-116.60034559897342,33.45913936223442,54.52419,2011,CANYON,4.016818781650672,0.9905353162586784
-117.2075239135057,34.33880786546454,54.30179,2011,ARROWHEAD,4.012805276901354,0.9895455981727314
-116.88135456882041,33.901902181162505,52.32206,2011,FREE,3.9763501292228733,0.9805558694351753
-116.93401977130313,33.55898629855745,50.76545,2011,WAYMAN,3.9467229383127167,0.9732498941066122
-118.24679075181405,34.481879992179486,50.53924,2011,HUGHES,3.9423434592870157,0.9721699278752284
-117.17251703591174,33.8858913075607,46.07224,2011,LAGO,3.851683442978429,0.9498134431026344
-118.55161812852253,34.79082074702517,42.16852,2011,NEENACH,3.7651115259127637,0.9284650711916368
-120.3030050799281,35.40499495354857,39.01207,2011,RED,3.6891811585965613,0.9097408731404902
-118.33928284275022,34.67691618604613,36.84941,2011,LANCASTER,3.6336153919152023,0.8960385237777795
-116.08558270070048,32.62123885094232,35.89542,2011,BORDER 12,3.608087424101859,0.8897434044194099
-119.7493368620477,34.83727877462313,35.07863,2011,ALISO,3.5857007232983333,0.8842229119685914
-117.30891053151065,33.75826837282351,33.41822,2011,STEELE,3.5385860753264744,0.8726045828215534
-117.03728101536198,34.087048800661876,32.88799,2011,MILL,3.5230606743292454,0.8687760660716608
-116.71937726132549,33.5613589132911,32.03907,2011,PONY,3.4976908005568657,0.8625199322238102
-117.15384807366782,34.70569965492157,30.29758,2011,STODDARD 3,3.443540778263119,0.8491667011288019
-115.58749885643856,33.19494407011268,30.27678,2011,ALAMO,3.4428759692018334,0.849002761232688
-118.3301016312822,34.46497066428785,29.46317,2011,EMMA,3.4165184129646864,0.8425030678876874
-116.85871330890477,33.89814371931479,29.17255,2011,VALLEY,3.4069325706466653,0.8401392282752405
-118.0030235254339,34.736225813113236,27.7058,2011,EAST,3.357099192940357,0.8278504686299094
-118.03591466241683,34.6939594937049,27.30478,2011,PERKINS,3.343030694980057,0.8243812197456808
-118.68700164579262,34.352241943566426,25.9407,2011,TAPO,3.2936381543120574,0.8122011691755898
-118.67175749371239,34.558318872211586,25.89026,2011,CROSSOVER,3.29176413925597,0.8117390427523777
-117.16920677152204,34.34723225261264,25.70178,2011,DEEP,3.284730229850747,0.8100045020484095
-118.23009734050173,34.575570822620854,12582.28,2010,CROWN,9.440124227589482,2.1063764307231136
-119.88557225675203,35.061213134306236,2037.966,2010,COTTON,7.62019809559482,1.7002960214328322
-118.4116836663903,35.06614642621034,1637.727,2010,WEST,7.401674999891697,1.6515369280924637
-118.89946163030189,34.841970014178266,1311.36,2010,POST,7.179582322109819,1.6019813533311995
-120.58342447672725,34.654692006,1219.537,2010,BEAR CREEK,7.107046204818001,1.585796357863331
-120.32042101560864,35.32991543185563,1150.365,2010,POZO,7.048703474003068,1.5727783349930982
-117.5011686834197,33.85802981091018,1028.212,2010,MCKINLEY,6.936548739881008,1.5477532312070383
-116.81754693776736,32.894025080299265,953.3414,2010,MONTE,6.861021469066304,1.5309008191745797
-119.78550727184545,35.115680441646205,947.4343,2010,WASH,6.85481251971188,1.5295154153107735
-117.46558335014952,34.03130207727454,717.2241,2010,PEDLEY,6.576781637341492,1.4674783400012597
-116.90279753715764,33.65707499395748,705.6747,2010,CACTUS,6.560570446857862,1.4638611344724506
-118.27120492586828,34.4280294412755,692.8006,2010,BRIGGS,6.542184599337812,1.4597586973708372
-116.51399550478565,32.61989158055439,684.3978,2010,COWBOY,6.529999399630864,1.457039811808785
-117.0035990222148,33.66402597902359,522.2162,2010,SKINNER,6.259994762966388,1.3967936339890221
-119.83988870851007,34.95651760351182,356.9384,2010,166,5.880360904556363,1.3120858703642269
-119.28110772728665,35.01122710386048,330.066,2010,METSON,5.8023177512707615,1.2946720890731223
-118.9375892443684,35.50953616627378,285.9098,2010,ADOBE,5.65916788064723,1.2627310355156665
-116.85886931581739,33.987372512183946,255.7537,2010,POTRERO,5.548117259610382,1.237952292659132
-116.77351539673977,32.95349178926991,254.9384,2010,MESA,5.544936790524722,1.2372426340827016
-119.03061562885976,34.96359614729834,195.175,2010,TOWN,5.279007118013537,1.1779057036670615
-116.5239977279261,33.139640130100666,177.2968,2010,FELIPE,5.183449577428175,1.1565839343328597
-118.54363048804859,34.776969764361034,171.4515,2010,NEENACH,5.150116037518405,1.1491462162344785
-118.92195829061625,34.92782582044743,151.187,2010,BASE,5.025110027850568,1.1212536052777777
-116.9277344439616,33.66378504740175,126.6658,2010,RANCH,4.849415911977745,1.0820509490659382
-118.49864660586401,34.74668821191909,121.6214,2010,LANCASTER,4.809101559656414,1.0730556011761991
-118.46410998451816,35.112506276276456,118.058,2010,TUCKER,4.77961076933117,1.0664753164080238
-117.0531313954898,33.94808416356953,112.3239,2010,PALMER,4.7302500901837305,1.0554614601648205
-116.1861639658793,33.9327701957387,110.6722,2010,KEYS,4.715567794168091,1.0521853971035042
-117.41067044095098,33.592255870193995,109.516,2010,TENAJA,4.705160306855914,1.0498631727927954
-117.0477430051798,33.363310403381334,100.9289,2010,PALA 5,4.624275511402283,1.0318153354296535
-117.77420684843904,34.41665949044573,100.5452,2010,LARGOVISTA,4.620504019553275,1.030973801849386
-117.0550595327614,33.90119383344215,99.83749,2010,GILMAN,4.613510211093632,1.0294132722477385
-117.26803740540213,34.02785693726766,95.77493,2010,SCOTT,4.572387973136145,1.0202376607066224
-116.58641543296154,33.86558007799305,82.34436,2010,ANGEL,4.422980940440618,0.9869004455739677
-116.92209046620268,33.52290306637784,80.65556,2010,MINTO,4.402509912627779,0.9823327418596861
-116.902454862104,33.619014930942534,79.41943,2010,SADDLE,4.387255813654902,0.9789290923129481
-119.03017725934102,34.25536114619082,77.9688,2010,LOMA,4.369052837750119,0.9748674593841358
-118.4103841474441,35.3283832880214,77.23707,2010,BACK,4.35974357615008,0.9727902823524553
-119.99249732061804,34.73798579448948,74.59801,2010,FIGUEROA,4.325429960087715,0.9651338797051882
-117.32017523384913,34.283121436381904,65.98511,2010,MILLER,4.2044703558862935,0.9381441438482344
-117.267950516619,33.548728507852495,64.97097,2010,CLINTON,4.189214796779858,0.9347401685016615
-116.86502034647279,33.715453731721084,63.68459,2010,FAIRVIEW,4.169522996940564,0.930346334049909
-117.10897270277867,33.7348794095375,55.71669,2010,LEON,4.038068523680424,0.9010148763791467
-116.94503458789163,32.92195433896567,55.16428,2010,SLAUGHTERHOUSE,4.028280967639869,0.8988309774323558
-116.6553473097109,33.95302483166697,52.05724,2010,WHITEWATER,3.971371330771686,0.8861327210439691
-116.44547226432405,33.11176499384079,49.86191,2010,NARROWS,3.9291143133588333,0.8767039059812444
-118.61931775248419,35.2587312589116,48.09394,2010,CALIENTE,3.8937356055948094,0.8688098492520132
-116.69633071313902,33.871610463059646,46.96871,2010,PACIFIC,3.8705489233450017,0.8636362011283029
-117.65915135756671,33.87333780358248,46.58533,2010,RIVER,3.8625245204587553,0.8618457148271992
-118.50689641974321,34.45759846234854,44.6334,2010,HASKELL,3.8206399045456063,0.8524999937707427
-117.14485399441169,33.630450546665585,44.047,2010,SCOTT,3.8077063891621505,0.84961413641195
-118.85026676830542,34.171604175844,41.61283,2010,HAMPSHIRE,3.7521553816405477,0.8372190312072482
-117.36723424198755,34.1453214520728,40.11037,2010,CACTUS,3.716260401112535,0.829209778453508
-117.28792360651265,33.59662545425849,38.90894,2010,ROCK,3.6866003589484673,0.8225917284954304
-117.4385434044984,33.64370118384955,38.37838,2010,LONG,3.6732169347314874,0.8196054829065612
-118.68397786041375,34.56640864558055,37.50243,2010,RAMP,3.650721356185069,0.8145860408628673
-118.55143311465442,34.35804807555186,33.81783,2010,NEWHALL,3.550129611892583,0.792140988849275
-116.56976213674334,32.58372158973622,31.9204,2010,BORDER 12,3.494092526403337,0.7796374249898084
-117.3039442530387,33.75346978532486,31.60417,2010,GILMER,3.484440194302779,0.777483698582405
-120.55223356069645,35.443359418801826,29.55973,2010,ROCKY,3.419683129180756,0.7630344442709857
